source_id,source_sheet,table_title,series_on_sheet,unit_codes,scales,frequencies,index_bases,sheet_kind,observations,first_period,last_period,stated_stock_flow,stated_nominal_real,stated_seasonal,stated_valuation,sample_labels,stock_flow,nominal_real,price_base_year,seasonal_adjustment,timing_basis,valuation,comparability,total_label,methodology_regime_id,reviewer_note,decision_status,component_labels
financial_indicators,3.1,Cuadro Nº 3.1 — Tasas de interés nominales - Bancos — porcentajes anuales,290,PERCENT,units,monthly,,homogeneous,41735,2011-01-31,2026-06-30,0,0,0,0,MN — Depósitos a Plazo > 365 días — Prom | MN — Préstamo Personal - vivienda AFD <= | ME — Préstamo Comercial <= 1 año — Prom  | ME — Préstamo Comercial <= 1 año — Max | ME — Préstamo Personal - vivienda AFD >  | ME — CDA <= 365 días — Max | ME — Depósitos a Plazo <=365 días — TPP | ME — CDA > 365 d,,,,,,,,,,,,
financial_indicators,3.2,Cuadro Nº 3.2 — Tasas de interés efectivas - Bancos — porcentajes anuales,290,PERCENT,units,monthly,,homogeneous,41740,2011-01-31,2026-06-30,0,0,0,0,MN — Depósitos a la Vista — Prom Max | MN — Préstamo Personal - consumo <= 180  | MN — Préstamo Personal - consumo <= 90 d | MN — Sobregiros — Prom Max | MN — Depósitos a Plazo <=365 días — Max | MN — CDA hasta 180 días — Prom Max | ME — Préstamo Comercial <= 1 año — Prom  | ME — Sobregiros — Prom M,,,,,,,,,,,,
credit_survey,%,Situación General de Créditos - SGC,285,PROPORTION,units,quarterly,,homogeneous,14570,2013-03-31,2026-06-30,1,0,0,0,"6 - Según su opinión, ¿cuáles son los pr | 11,1 - Agricultura. (Según su opinión, ¿ | 18 - ¿Cómo calificaría usted la rigurosi | 19 - En su institución, ¿Se han rechazad | 10,7 - Pequeñas empresas. (Según su opin | 17,2 - ¿Cuál fue el principal motivo por | 10,3 - Industria. (Según su opinión, ¿có |",,,,,,,,,,,,
economic_annex,Cuadro 52b,Cuadro Nº 52 b — Importaciones para uso interno y bajo el Régimen de Turismo. — En toneladas,192,TONNES,units,monthly,,homogeneous,47424,2006-01-01,2026-07-01,0,0,0,0,Bienes intermedios — Importacion bajo el | Gas oíl — Importacion bajo el Regimen de | Legumbres y hortalizas — Importación Reg | Bienes de consumo — Importacion bajo el  | Duraderos — Importación Registrada | Café — Importacion bajo el Regimen de Tu | Otros — Importacion para consumo interno | Produ,,,,,,,,,,,,
economic_annex,Cuadro 52a,Cuadro Nº 52 a — Importaciones para uso interno y bajo el Régimen de Turismo. — En miles de dólares FOB.,192,USD,thousands,monthly,,homogeneous,47424,2006-01-01,2026-07-01,0,0,0,192,"Artículos para construcciones sanitarias | Otras bebidas — Importación Registrada | Tractores, topadoras, niveladoras y perf | No duraderos — Importacion para consumo  | Asfalto — Importación Registrada | Whisky — Importacion bajo el Regimen de  | Bienes de capital — Importacion bajo el  | Cementos",,,,,,,,,,,,
economic_annex,Cuadro 53a,Cuadro Nº 53 a — Importaciones por niveles de procesamiento. — En miles de dólares FOB.,149,USD,thousands,monthly,,homogeneous,58259,1994-01-01,2026-07-01,0,0,0,149,"Grasas y aceites lubricantes | Total | Quesos | Carne y menudencia bovina | Hilos, cables y demás conductores aislad | Muebles, mobiliarios médicos y quirúrgic | Manteca | Yerba mate | Otros juguetes, juegos, artículos de rec | Carbón vegetal | Levaduras y polvo para hornear | Articulos para el tran",,,,,,,,,,,,
economic_annex,Cuadro 53b,Cuadro Nº 53 b — Importaciones por niveles de procesamiento. — En toneladas,149,TONNES,units,monthly,,homogeneous,58259,1994-01-01,2026-07-01,0,0,0,0,"Azúcar de caña en bruto | Resto de los productos diversos de las i | Productos farmacéuticos | Pasta para papel | Mandioca (Yuca) | Aceite de girasol | Harinas, tortas y demás residuos de gira | Resto de MOA | Piedras trituradas de las utilizadas en  | Productos primarios | Cobre | Sorgo | Resto de",,,,,,,,,,,,
economic_annex,Cuadro 46b,Cuadro Nº 46b — Exportaciones por niveles de procesamiento. — En toneladas y 1000 Kwh.,148,MIXED_PHYSICAL_UNITS,units,monthly,,homogeneous,57868,1994-01-01,2026-07-01,0,0,0,0,"Frutas secas o procesadas | Minerales metalíferos,escorias, cenizas  | Bilis incluso desecada, glandulas y dema | Resto de grasas y aceites | Otras harinas, tortas y demás residuos | Otros metales comunes | Resto de productos primarios | Maíz | Resto de vehículos automóviles,tractores | Legumbres |",,,,,,,,,,,,
economic_annex,Cuadro 46a,Cuadro Nº 46a — Exportaciones por niveles de procesamiento. — En miles de dólares FOB.,148,USD,thousands,monthly,,homogeneous,57868,1994-01-01,2026-07-01,0,0,0,148,Energía eléctrica | Productos primarios | Tomate | Azúcar de caña en bruto | Pasta para papel | Cobre | Tablillas y frisos para parquet. | Resto de los productos diversos de las i | Piedras trituradas de las utilizadas en  | Sorgo | Productos farmacéuticos | Resto de cereales | Biodiesel | Resto de,,,,,,,,,,,,
insurance_annex,1.32,Comisiones reaseguros aceptados - exterior (Guaraníes) — Participación utilidades reaseguros aceptados - contratos proporcionales (Guaraníes) — Participación utilidades reaseguros aceptados - contratos no proporcionales (Guaraníes) — Total Gastos Reaseguros Aceptados - Exterior (Guaraníes),104,PYG,units,annual,,homogeneous,1768,2009-06-30,2025-06-30,0,0,0,0,Comisiones reaseguros aceptados - exteri | Total Gastos Reaseguros Aceptados - Exte | Participación utilidades reaseguros acep,,,,,,,,,,,,
insurance_annex,1.31,Comisión reaseguros aceptados - contratos proporcionales (Guaraníes) — Participación utilidades reaseguros aceptados - contratos proporcionales (Guaraníes) — Participación utilidades reaseguros aceptados - contratos no proporcionales (Guaraníes) — Total Gastos Reaseguros Aceptados - Local (Guaraníes),104,PYG,units,annual,,homogeneous,1768,2009-06-30,2025-06-30,0,0,0,0,Total Gastos Reaseguros Aceptados - Loca | Comisión reaseguros aceptados - contrato | Participación utilidades reaseguros acep,,,,,,,,,,,,
insurance_annex,1.28,Comisión de seguros directos (Guaraníes) — Revisión examen de asegurabilidad (Guaraníes) — Fomento de Producción (Guaraníes) — Total Gastos de Producción (Guaraníes),104,PYG,units,annual,,homogeneous,1768,2009-06-30,2025-06-30,0,0,0,0,Revisión examen de asegurabilidad (Guara | Comisión de seguros directos (Guaraníes) | Fomento de Producción (Guaraníes) — Tran | Fomento de Producción (Guaraníes) — Ries | Fomento de Producción (Guaraníes) — Fome | Fomento de Producción (Guaraníes) — Acci | Fomento de Producción (Guaraníes) — Resp |,,,,,,,,,,,,
insurance_annex,1.24,Comisión reaseguros cedidos - contratos proporcionales (Guaraníes) - exterior — Participación utilidades reaseguros cedidos - contratos proporcionales (Guaraníes) - exterior — Participación utilidades reaseguros cedidos - contratos no proporcionales (Guaraníes) - exterior — Total otros ingresos reaseguros cedidos - exterior (Guaraníes),95,PYG,units,annual,,homogeneous,1611,2009-06-30,2025-06-30,0,0,0,0,Total otros ingresos reaseguros cedidos  | Participación utilidades reaseguros cedi | Comisión reaseguros cedidos - contratos,,,,,,,,,,,,
insurance_annex,1.23,Comisión reaseguros cedidos - contratos proporcionales (Guaraníes) — Participación utilidades reaseguros cedidos - contratos proporcionales (Guaraníes) — Participación utilidades reaseguros cedidos - contratos no proporcionales (Guaraníes) — Total otros ingresos reaseguros cedidos - local (Guaraníes),95,PYG,units,annual,,homogeneous,1615,2009-06-30,2025-06-30,0,0,0,0,Total otros ingresos reaseguros cedidos  | Comisión reaseguros cedidos - contratos  | Participación utilidades reaseguros cedi,,,,,,,,,,,,
insurance_annex,1.22,Reintegro Gastos de Revisión y examen de asegurabilidad (Guaraníes) — Intereses por Financiamiento de Primas (Guaraníes) — Reintegro Comisiones sobre primas (Guaraníes) — Total Reintegro Gastos de Producción (Guaraníes),89,PYG,units,annual,,homogeneous,1513,2009-06-30,2025-06-30,0,0,0,0,Reintegro Gastos de Revisión y examen de | Intereses por Financiamiento de Primas ( | Reintegro Comisiones sobre primas (Guara | Total Reintegro Gastos de Producción (Gu,,,,,,,,,,,,
insurance_annex,1.2,Primas Reaseguros Aceptados (Local) Contratos Proporcionales (Guaraníes) — Primas Reaseguros Aceptados (Local) Contratos no Proporcionales (Guaraníes) — Total Primas Reaseguros Aceptados (Local) (Guaraníes),81,PYG,units,annual,,homogeneous,1377,2009-06-30,2025-06-30,0,0,0,0,Primas Reaseguros Aceptados (Local) Cont | Total Primas Reaseguros Aceptados (Local,,,,,,,,,,,,
insurance_annex,1.3,Primas Reaseguros Aceptados (Exterior) Contratos Proporcionales (Guaraníes) — Primas Reaseguros Aceptados (Exterior) Contratos no Proporcionales (Guaraníes) — Total Primas Reaseguros Aceptados (Exterior) (Guaraníes),81,PYG,units,annual,,homogeneous,1377,2009-06-30,2025-06-30,0,0,0,0,Total Primas Reaseguros Aceptados (Exter | Primas Reaseguros Aceptados (Exterior) C,,,,,,,,,,,,
insurance_annex,1.12,Participación Recupero reaseguros cedidos exterior - Proporcional — Participación Recupero reaseguros cedidos exterior - No Proporcional — Total Participación Recupero reaseguros cedidos exterior,78,PYG,units,annual,,homogeneous,1326,2009-06-30,2025-06-30,0,0,0,0,Total Participación Recupero reaseguros  | Participación Recupero reaseguros cedido,,,,,,,,,,,,
insurance_annex,1.20,Participación Recupero Reaseguros Aceptados - Proporcionales (Guaraníes) - Exterior — Participación recupero reaseguros aceptados (contratos no proporcionales) (Guaraníes) - exterior — Total Participación recuperos reaseguros aceptados exterior,78,PYG,units,annual,,homogeneous,1326,2009-06-30,2025-06-30,0,0,0,0,Total Participación recuperos reaseguros | Participación recupero reaseguros acepta | Participación Recupero Reaseguros Acepta,,,,,,,,,,,,
insurance_annex,1.17,Siniestros Recuperados Reaseguros cedidos (contratos proporcionales) (Guaraníes) - Local — Siniestros Recuperados Reaseguros cedidos (contratos no proporcionales) (Guaraníes) - Local — Total Siniestros recuperados Reaseguros cedidos Local (Guaraníes),78,PYG,units,annual,,homogeneous,1326,2009-06-30,2025-06-30,0,0,0,0,Siniestros Recuperados Reaseguros cedido | Total Siniestros recuperados Reaseguros,,,,,,,,,,,,
insurance_annex,1.26,Intereses sobre reserva retenidas - contratos proporcionales (Guaraníes) - Exterior — Intereses sobre reserva retenidas - contratos proporcionales (Guaraníes) — Intereses sobre reservas matematicas cedidas - contratos proporcionales (Guaraníes) — Total otros ingresos reaseguros aceptados - exterior (Guaraníes),78,PYG,units,annual,,homogeneous,1326,2009-06-30,2025-06-30,0,0,0,0,Intereses sobre reserva retenidas - cont | Total otros ingresos reaseguros aceptado | Intereses sobre reservas matematicas ced,,,,,,,,,,,,
insurance_annex,1.30,Gastos de cesión reaseguros cedidos - contratos no proporcionales (Guaraníes) — Intereses sobre reservas retenidas - contratos proporcionales (Guaraníes) — Total Gastos Reaseguros Cedidos - exterior (Guaraníes),78,PYG,units,annual,,homogeneous,1326,2009-06-30,2025-06-30,0,0,0,0,Intereses sobre reservas retenidas - con | Total Gastos Reaseguros Cedidos - exteri | Gastos de cesión reaseguros cedidos - co,,,,,,,,,,,,
insurance_annex,1.11,Participación Recupero reaseguros cedidos local - Proporcional — Participación Recupero reaseguros cedidos local - No Proporcional — Total Participación Recupero reaseguros cedidos local,78,PYG,units,annual,,homogeneous,1326,2009-06-30,2025-06-30,0,0,0,0,Participación Recupero reaseguros cedido | Total Participación Recupero reaseguros,,,,,,,,,,,,
insurance_annex,1.14,Siniestros Reaseguros Aceptados exterior (contratos proporcionales) (Guaraníes) — Siniestros Reaseguros Aceptados exterior (contratos no proporcionales) — Total Siniestros Reaseguros Aceptados exterior,78,PYG,units,annual,,homogeneous,1326,2009-06-30,2025-06-30,0,0,0,0,Siniestros Reaseguros Aceptados exterior | Total Siniestros Reaseguros Aceptados ex,,,,,,,,,,,,
insurance_annex,1.19,Participación Recupero Reaseguros Aceptados - Proporcionales (Guaraníes) - Local — Participación recupero reaseguros aceptados (contratos no proporcionales) (Guaraníes) - Local — Total Participación Recupero reaseguros aceptados - Local (Guaraníes),78,PYG,units,annual,,homogeneous,1326,2009-06-30,2025-06-30,0,0,0,0,Participación recupero reaseguros acepta | Total Participación Recupero reaseguros  | Participación Recupero Reaseguros Acepta,,,,,,,,,,,,
insurance_annex,1.29,Gastos de cesión reaseguros cedidos - contratos no proporcionales (Local) — Gastos de cesión reaseguros cedidos - contratos no proporcionales — Intereses sobre reservas retenidas - contratos proporcionales (Local) — Total Gastos Reaseguros Cedidos - local,78,PYG,units,annual,,homogeneous,1326,2009-06-30,2025-06-30,0,0,0,0,Intereses sobre reservas retenidas - con | Gastos de cesión reaseguros cedidos - co | Total Gastos Reaseguros Cedidos - local,,,,,,,,,,,,
insurance_annex,1.18,Siniestros Recuperados Reaseguros cedidos exterior (contratos proporcionales) (Guaraníes) — Siniestros Recuperados Reaseguros cedidos exterior (contratos no proporcionales) (Guaraníes) — Total Siniestros recuperados Reaseguros cedidos exterior (Guaraníes),78,PYG,units,annual,,homogeneous,1326,2009-06-30,2025-06-30,0,0,0,0,Siniestros Recuperados Reaseguros cedido | Total Siniestros recuperados Reaseguros,,,,,,,,,,,,
insurance_annex,1.25,Intereses sobre reservas retenidas - contratos proporcionales (Guaraníes) — Intereses sobre reservas matematicas cedidas - contratos proporcionales (Guaraníes) — Total otros ingresos reaseguros aceptados - local,78,PYG,units,annual,,homogeneous,1326,2009-06-30,2025-06-30,0,0,0,0,Intereses sobre reservas matematicas ced | Intereses sobre reservas retenidas - con | Total otros ingresos reaseguros aceptado,,,,,,,,,,,,
insurance_annex,1.13,Siniestros Reaseguros Aceptados Local (contratos proporcionales) (Guaraníes) — Siniestros Reaseguros Aceptados Local (contratos no proporcionales) (Guaraníes) — Total Siniestros Reaseguros Aceptados Local (Guaraníes),78,PYG,units,annual,,homogeneous,1326,2009-06-30,2025-06-30,0,0,0,0,Siniestros Reaseguros Aceptados Local (c | Total Siniestros Reaseguros Aceptados Lo,,,,,,,,,,,,
economic_annex,Cuadro 51a,Cuadro Nº 51 a — Importaciones por tipo de bienes. — En miles de dólares FOB,64,USD,thousands,monthly,,homogeneous,25024,1994-01-01,2026-07-01,0,0,0,64,"Café | Otros bienes intermedios (d) | Substancias químicas (c) | Acumuladores, dinamos, motores y generad | Duraderos | Whisky | Trigo y sus derivados | Aparatos y maquinarias para la agricultu | Bienes de capital | Maquinas de escritorio (e) | Elementos de transporte y accesorios | Bienes de consum",,,,,,,,,,,,
economic_annex,Cuadro 51b,Cuadro Nº 51 b — En toneladas.,64,TONNES,units,monthly,,homogeneous,25024,1994-01-01,2026-07-01,0,0,0,0,"Sal | Otros combustibles, aceites y grasas | Ómnibus, camiones y camionetas | Cementos | Respuestos y accesorios para automóviles | Vidrios y sus manufacturas | Productos lácteos | Gas oíl | Hierro y sus manuf. Excl. Art. de ferret | Artefactos eléctricos | Piedras, tierras y sus manufacturas | Text",,,,,,,,,,,,
financial_indicators,2.1,Cuadro Nº 2.1 — Tasas de interés nominales desglosadas por plazos - Bancos — Promedio mensuales en porcentajes anuales,58,PERCENT,units,monthly,,homogeneous,8350,2011-01-31,2026-06-30,0,0,0,0,ME — Tasa Pasiva — CDA hasta 180 días | MN — Tasa Activa — Préstamos Varios <= 1 | ME — Tasa Activa — Sobregiros | MN — Activa — Préstamo Comercial <= 1 añ | ME — Activa — Préstamo Comercial <= 1 añ | MN — Tasa Pasiva — Otros Depósitos | MN — Tasa Activa — Préstamo Personal - v | MN — Tasa Pasiva —,,,,,,,,,,,,
financial_indicators,2.2,Cuadro Nº 2.2 — Tasas de interés efectivas desglosadas por plazos - Bancos — Promedio mensuales en porcentajes anuales,58,PERCENT,units,monthly,,homogeneous,8348,2011-01-31,2026-06-30,0,0,0,0,ME — Tasa Activa — Préstamo Personal - v | ME — Pasiva — Depósitos a la Vista | MN — Tasa Pasiva — CDA > 365 días | ME — Tasa Activa — Préstamo Personal - M | ME — Tasa Pasiva — CDA <= 365 días | ME — Tasa Activa — Sobregiros | ME — Tasa Pasiva — CDA hasta 180 días | MN — Tasa Activa — Préstamos Var,,,,,,,,,,,,
insurance_annex,1.10,"Gastos de liquidación de siniestros — Gastos de Salvataje y Recupero — Total Gastos de liquidación de siniestros, salvataje y recupero",58,PYG,units,annual,,homogeneous,986,2009-06-30,2025-06-30,0,0,0,0,Gastos de liquidación de siniestros — Cr | Gastos de liquidación de siniestros — Au | Total Gastos de liquidación de siniestro | Gastos de liquidación de siniestros — Ac | Gastos de liquidación de siniestros — Ga | Gastos de liquidación de siniestros — Ro | Gastos de Salvataje y Recupero — Acciden |,,,,,,,,,,,,
payments,SIPAP_08,Transferencias entre Clientes por Entidades Financieras en el SPI — Por Entidad Financiera,55,PYG,units,monthly,,homogeneous,2773,2022-05-31,2026-07-31,0,0,0,0,PYG — FAMIPYPAXXXX | PYG — FICSPYPAXXXX | PYG — FINLPYPAXXXX | PYG — BNFAPYPAXXXX | PYG — UBBRPYPXXXXX | PYG — RGSAPYPEXXXX | PYG — SOLAPYPAXXXX | PYG — BRASPYPXXXXX | PYG — ARAFPYPAXXXX | PYG — VISCPYPAXXXX | PYG — CRIFPYPEXXXX | PYG — FNXAPYPAXXXX | PYG — BCOPPYPAXXXX | PYG — BSUDPYPXXXXX | PYG —,,,,,,,,,,,,
financial_indicators,6,Cuadro Nº 6 — Tasas de interés efectivas desglosadas por plazos - Financieras — Promedios mensuales en porcentajes anuales,49,PERCENT,units,monthly,,homogeneous,5009,2011-01-31,2026-06-30,0,0,0,0,ME — Tasa Pasiva — Títulos Valores Emiti | ME — Tasa Activa — Préstamo Personal - c | MN — Tasa Activa — Préstamo Personal - c | MN — Tasa Activa — Préstamo Personal - M | MN — Tasa Pasiva — CDA <= 365 días | ME — Tasa Activa — Préstamos de Desarrol | ME — Tasa Pasiva — CDA > 365 días | MN — Tasa Ac,,,,,,,,,,,,
financial_indicators,1.2,Cuadro Nº 1.2 — Tasas de interés efectivas - Bancos — Promedio mensuales en porcentajes anuales Ponderación sobre saldos,37,PERCENT,units,monthly,,homogeneous,5888,2011-01-31,2026-06-30,37,0,0,0,ME — Tasa Pasiva — Títulos Valores | MN — Tasa Activa — Total | ME — Spread — Otros Depósitos | MN — Tasa Pasiva — Títulos Valores | MN — Tasa Pasiva — Depósitos a plazo | MN — Tasa Pasiva — CDA | ME — Tasa Activa — Comercial | MN — Tasa Pasiva (promedio ponderada) —  | ME — Tasa Pasiva — Otros Depó,,,,,,,,,,,,
financial_indicators,1.1,Cuadro Nº 1.1 — Tasas de interés nominales - Bancos — Promedio mensuales en porcentajes anuales Ponderación sobre saldos,37,PERCENT,units,monthly,,homogeneous,5889,2011-01-31,2026-06-30,37,0,0,0,MN — Tasa Activa — Desarrollo | MN — Tasa Activa — Sobregiros | MN — Spread sin TC ni sobregiros — Otros | ME — Tasa Activa — Vivienda | ME — Tasa Activa — Total | MN — Tasa Activa — Consumo | MN — Tasa Activa — Vivienda | MN — Tasa Activa — Comercial | ME — Tasa Pasiva — Depósitos a plazo | MN — Ta,,,,,,,,,,,,
economic_annex,CUADRO 42,Cuadro Nº 42 — Inversión directa: Conciliación entre el principio activo/pasivo y el principio direcccional ** — En millones de dólares.,30,USD,millions,annual,,homogeneous,510,2008-12-31,2024-12-31,0,0,0,0,Reinversión de utilidades (H) | Capital (A) | Deuda (N= -E-F+J+L) | Capital (G) | PRINCIPIO: ACTIVO / PASIVO (NETO) | Deuda (I= J+K+L) | Pasivo Empresa de Inversión en Inversion | Total Activos (A+B+C) | Activo Inversionista Directo en Empresa  | Deuda (C= D+E+F) | Empresa de Inversión en Inversioni,,,,,,,,,,,,
financial_indicators,5,Cuadro Nº 5 — Tasas de interés efectivas - Financieras — Promedio mensuales en porcentajes anuales - Ponderación sobre saldos,28,PERCENT,units,monthly,,homogeneous,4427,2011-01-31,2026-06-30,28,0,0,0,MN — Tasa Activa — Comercial | ME — Tasa Pasiva — Depósitos a plazo | ME — Tasa Pasiva — CDA | ME — Tasa Activa — Consumo | MN — Tasa Activa (promedio ponderada) —  | MN — Tasa Pasiva — Depósitos a la Vista | ME — Pasiva — Total | ME — Tasa Activa — Vivienda | MN — Spread sin TC ni sobregiros — CDA,,,,,,,,,,,,
insurance_annex,1.1,Primas Directas (Guaraníes),28,PYG,units,annual,,homogeneous,476,2009-06-30,2025-06-30,0,0,0,0,Primas Directas (Guaraníes) — Automóvile | Primas Directas (Guaraníes) — Transporte | Primas Directas (Guaraníes) — Riesgos Va | Primas Directas (Guaraníes) — Primas Sec | Primas Directas (Guaraníes) — Accidentes | Primas Directas (Guaraníes) — Riesgos Té | Primas Directas (Guaraníes) — Total Prim |,,,,,,,,,,,,
credit_survey,Índices,Situación General de Créditos - SGC,27,INDEX_POINTS,units,quarterly,,homogeneous,1236,2015-03-31,2026-06-30,0,0,0,0,AGRICULTURA — Confianza | CONSTRUCCIÓN — Situación | COMERCIO — Confianza | INDUSTRIA — Situación | PEQUEÑAS EMPRESAS — Expectativa | INDUSTRIA — Confianza | General — Expectativa | GANADERIA — Situación | COMERCIO — Expectativa | CONSUMO — Expectativa | General — Situación | VIVIENDA — Expectativa,,,,,,,,,,,,
insurance_annex,1.5,Primas Reaseguros Cedidos (Local) Contratos Proporcionales,26,PYG,units,annual,,homogeneous,442,2009-06-30,2025-06-30,0,0,0,0,Primas Reaseguros Cedidos (Local) Contra,,,,,,,,,,,,
insurance_annex,1.6,Primas Reaseguros Cedidos (Exterior) Contratos Proporcionales,26,PYG,units,annual,,homogeneous,442,2009-06-30,2025-06-30,0,0,0,0,Primas Reaseguros Cedidos (Exterior) Con,,,,,,,,,,,,
payments,SIPAP_14,Alias registrados por entidad,24,UNRESOLVED_SOURCE_UNITS,units,monthly,,homogeneous,854,2023-01-31,2026-07-31,0,0,0,0,BCOPPYPAXXXX | FNXAPYPAXXXX | BCNAPYPAXXXX | NACNPYPAXXXX | COMAPYPAXXXX | BGNBPYPXXXXX | BSUDPYPXXXXX | TUFIPYPAXXXX | BNITPYPAXXXX | BRASPYPXXXXX | FAMIPYPAXXXX | FIPJPYPAXXXX | BISAPYPEXXXX | FINLPYPAXXXX | FICSPYPAXXXX | IIFAPYPAXXXX | CITIUS33XASR | SOLAPYPAXXXX | VISCPYPAXXXX | UBBRPYPXXXXX |,,,,,,,,,,,,
payments,SIPAP_10,Transferencias entre Clientes de Entidades Financieras por SPI por franja horaria — SPI liquida sólo PYG — 00 a 02 hs — 02 a 04 hs — 04 a 06 hs — 06 a 08 hs,24,PYG,units,monthly,,homogeneous,1224,2022-05-31,2026-07-31,0,0,0,0,column_16 | column_3 | column_25 | column_9 | column_20 | column_7 | column_15 | column_5 | column_4 | column_19 | column_24 | column_12 | column_18 | column_23 | column_13 | column_21 | column_6 | column_10 | column_26 | column_11 | column_8 | column_14 | column_17 | column_22,,,,,,,,,,,,
payments,SIPAP_15,Alias operativos por entidad (*),24,UNRESOLVED_SOURCE_UNITS,units,monthly,,homogeneous,848,2023-01-31,2026-07-31,0,0,0,0,ZETAPYPAXXXX | AMAMPYPAXXXX | VISCPYPAXXXX | UBBRPYPXXXXX | TOTAL | FICSPYPAXXXX | IIFAPYPAXXXX | CITIUS33XASR | TUFIPYPAXXXX | BNFAPYPAXXXX | SOLAPYPAXXXX | BNITPYPAXXXX | BISAPYPEXXXX | FINLPYPAXXXX | FIPJPYPAXXXX | FNXAPYPAXXXX | BCOPPYPAXXXX | FAMIPYPAXXXX | BRASPYPXXXXX | BSUDPYPXXXXX | BGNBPYP,,,,,,,,,,,,
insurance_annex,1.8,Siniestros Seguros Directos,22,PYG,units,annual,,homogeneous,374,2009-06-30,2025-06-30,0,0,0,0,Siniestros Seguros Directos — Accidentes | Siniestros Seguros Directos — Total Rama | Siniestros Seguros Directos — Robo y Asa | Siniestros Seguros Directos — Siniestros | Siniestros Seguros Directos — Transporte | Siniestros Seguros Directos — Riesgos Té | Siniestros Seguros Directos — Automóvile |,,,,,,,,,,,,
economic_annex,CUADRO 17,Cuadro Nº 17 — Índice de precios del productor. — Base Marzo 2025= 100.,22,INDEX,units,monthly,Base Marzo 2025= 100,homogeneous,5911,1995-12-01,2026-06-01,0,0,0,0,Productos nacionales — Productos metálic | Productos nacionales — Otros productos m | Productos importados — Bienes transporta | Productos nacionales — Bienes transporta | Productos importados — Ganadería | Productos nacionales — Agricultura | Productos importados — Otros productos m | Productos imp,,,,,,,,,,,,
economic_annex,CUADRO 3,Cuadro Nº 3 — Evolución del producto interno bruto — Por rama de actividad económica. — Variación porcentual.,21,UNRESOLVED_SOURCE_UNITS,units,annual,,homogeneous,735,1992-12-31,2026-12-31,0,0,0,0,"Servicios a las empresas | Explotación foresal, pesca y minería | Telecomunicaciones | Restaurantes y hoteles | Valor agregado bruto | Servicios inmobiliarios | Ganadería | Sector Secundario | Comercio | Electricidad y agua | Agricultura | Servicios a los hogares | Servicios gubernamentales | Sector",,,,,,,,,,,,
economic_annex,CUADRO 4a,Cuadro Nº 4a — Producto interno bruto a precios de comprador — Por sectores económicos. — Estructura económica en base al valor corriente (%),21,PERCENT,units,annual,,homogeneous,736,1991-12-31,2026-12-31,0,0,0,0,Sector Servicios | Impuestos a los productos | Construcción | Transporte | Intermediación financiera | Servicios gubernamentales | Servicios a los hogares | Sector Primario | Manufactura | PIB a precios de comprador | Sector Secundario | Servicios a las empresas | Ganadería | Agricultura | Comercio,,,,,,,,,,,,
insurance_annex,1.21,Desafectación de Provisiones Técnicas de Siniestros (Guaraníes),21,PYG,units,annual,,homogeneous,357,2009-06-30,2025-06-30,0,0,0,0,Desafectación de Provisiones Técnicas de,,,,,,,,,,,,
economic_annex,CUADRO 1,Cuadro Nº 1 — Producto interno bruto a precios de comprador — Por sectores económicos — En millones de guaraníes constantes de 2014,21,PYG,millions,annual,,homogeneous,756,1991-12-31,2026-12-31,0,21,0,0,Sector Servicios | Impuestos a los productos | Construcción | Transporte | Intermediación financiera | Servicios a los hogares | Servicios gubernamentales | Sector Primario | Manufactura | PIB a precios de comprador | Sector Secundario | Servicios a las empresas | Ganadería | Comercio | Agricultura,,,,,,,,,,,,
economic_annex,CUADRO 4b,Cuadro Nº 4b — Producto interno bruto a precios de comprador — Por sectores económicos. — Estructura económica en base al valor constante (%),21,PERCENT,units,annual,,homogeneous,756,1991-12-31,2026-12-31,0,0,0,0,"Ganadería | Sector Secundario | Servicios a las empresas | Comercio | Agricultura | Electricidad y agua | Explotación foresal, pesca y minería | Telecomunicaciones | PIB a precios de comprador | Manufactura | Servicios inmobiliarios | Restaurantes y hoteles | Valor agregado bruto | Construcción | In",,,,,,,,,,,,
economic_annex,CUADRO 2,Cuadro Nº 2 — Producto interno bruto a precios de comprador — Por sectores económicos. — En millones de guaraníes corrientes.,21,PYG,millions,annual,,homogeneous,736,1991-12-31,2026-12-31,0,0,0,0,Manufactura | PIB a precios de comprador | Construcción | Impuestos a los productos | Transporte | Intermediación financiera | Sector Primario | Servicios gubernamentales | Servicios a los hogares | Ganadería | Sector Servicios | Agricultura | Comercio | Electricidad y agua | Servicios a las empresa,,,,,,,,,,,,
insurance_annex,1.15,Constitución de Provisiones Técnicas de Siniestros (Guaraníes),21,PYG,units,annual,,homogeneous,357,2009-06-30,2025-06-30,0,0,0,0,Constitución de Provisiones Técnicas de,,,,,,,,,,,,
economic_annex,CUADRO 16 a,Cuadro Nº 16 a — Índice de precios al consumidor - Área Metropolitana de Asunción. — Carne Vacuna - Cortes — Año base Diciembre 2017 =100.,20,INDEX,units,monthly,base Diciembre 2017 =100,homogeneous,5752,1994-12-01,2026-07-01,0,0,0,0,Costilla 1° | Bola de Lomo | Carnaza 1° | Índice General | Carne Molida 2° | Puchero 1° | Costilla 2° | Puchero 2° | Peceto | Rabadilla | Paleta | Falda | Lomo | Colita Cuadril | Vacio | Carnaza 2° | Tapa Cuadril | Carne Vacuna | Carne Molida 1° | Carnaza Blanca,,,,,,,,,,,,
insurance_annex,1.7,Constitución de Provisiones Técnicas de Seguros,20,PYG,units,annual,,homogeneous,340,2009-06-30,2025-06-30,0,0,0,0,Constitución de Provisiones Técnicas de,,,,,,,,,,,,
insurance_annex,1.9,Prestaciones e Indemnizaciones Seguros de Vida,20,PYG,units,annual,,homogeneous,340,2009-06-30,2025-06-30,0,0,0,0,Prestaciones e Indemnizaciones Seguros d,,,,,,,,,,,,
insurance_annex,1.4,Desafectación de Provisiones Técnicas de Seguros (Guaraníes),20,PYG,units,annual,,homogeneous,340,2009-06-30,2025-06-30,0,0,0,0,Desafectación de Provisiones Técnicas de,,,,,,,,,,,,
economic_annex,CUADRO 5,Cuadro Nº 5 — Producto interno bruto por tipo de gasto — En millones de guaraníes corrientes,19,PYG,millions,annual,,homogeneous,672,1991-12-31,2026-12-31,0,0,0,0,Componentes | Formación Bruta de Capital Fijo | Formación Bruta de Capital | Consumo Público | Consumo Privado | Variación de Existencias | Producto Interno Bruto | Exportaciones de Bienes y Servicios | Importaciones de Bienes y Servicios | Consumo Total,,,,,,,,,,,,
economic_annex,CUADRO 9 a,INDICADOR MENSUAL DE LA ACTIVIDAD ECONÓMICA DEL PARAGUAY (IMAEP) — Índice base 2014 = 100.,18,INDEX,units,monthly,base 2014 = 100,homogeneous,2700,2014-01-01,2026-06-01,0,0,12,0,Manufactura — Tendencia Ciclo | Sector Secundario — Serie Original | Sector Secundario — Serie ajustada | Sector Primario — Serie ajustada | IMAEP — Tendencia Ciclo | Servicios — Serie Original | IMAEP sin Agri ni Bin — Serie ajustada | IMAEP sin Agri ni Bin — Tendencia Ciclo | Sector Primario — Ten,flow,real,2014,not_adjusted,period_total,not_applicable,comparable,IMAEP — Serie Original,,"WORKED EXAMPLE, not a decision. Pre-filled from the title 'Indice base 2014 = 100'. IMAEP sin Agri ni Bin is a second aggregate over a different scope, not a component of IMAEP, so it is not listed in component_labels. Set decision_status = 'accepted' once you agree.",,Sector Primario — Serie Original|Sector Secundario — Serie Original|Servicios — Serie Original
economic_annex,Cuadro 47,Cuadro Nº 47 — Exportaciones por principales productos. — En miles de dólares FOB.,18,USD,thousands,monthly,,homogeneous,5094,2003-01-01,2026-07-01,0,0,0,18,"Instrumentales médicos | Aluminio y sus manufacturas | Prendas y demás artículos textiles | Hilos, telas, tejidos y alfombras | Plásticos y sus manufacturas | Jabones y preparaciones para lavar | Medicamentos | Alcohol etílico | Total | Hilos y cables (Autopartes) | Alimentos para animales | Gelatin",,,,,,,,,,,,
insurance_annex,1.16,Recupero de Siniestros Directos (Guaraníes),18,PYG,units,annual,,homogeneous,306,2009-06-30,2025-06-30,0,0,0,0,Recupero de Siniestros Directos (Guaraní,,,,,,,,,,,,
economic_annex,Cuadro 44a,Cuadro Nº 44a — Exportaciones por principales productos. — En miles de dólares FOB.,17,USD,thousands,monthly,,homogeneous,6647,1994-01-01,2026-07-01,0,0,0,17,Materias Plásticas | Aceites de soja | Fibras de algodón | Prendas y demás artículos textiles | Harina de soja | Maderas | Energía Eléctrica | Arroz | Cueros | Carne | Trigo | Resto | Maíz | Granos de soja | Azúcar | Total | Hilos y cables (Autopartes),,,,,,,,,,,,
payments,SIPAP_09,Transferencias entre Clientes de Entidades Financieras por SPI por día — SPI liquida sólo PYG — Domingo — Martes — Miércoles — Jueves,16,PYG,units,monthly,,homogeneous,816,2022-05-31,2026-07-31,0,0,0,0,column_11 | column_8 | column_6 | column_10 | column_13 | column_5 | column_17 | column_14 | column_18 | column_12 | column_15 | column_3 | column_16 | column_4 | column_9 | column_7,,,,,,,,,,,,
insurance_annex,1.33,Gastos Técnicos de Explotación,15,PYG,units,annual,,homogeneous,255,2009-06-30,2025-06-30,0,0,0,0,Gastos Técnicos de Explotación — Manteni | Gastos Técnicos de Explotación — Persona | Gastos Técnicos de Explotación — Otros G | Gastos Técnicos de Explotación — Total G | Gastos Técnicos de Explotación — Honorar | Gastos Técnicos de Explotación — Remuner | Gastos Técnicos de Explotación — Depreci |,,,,,,,,,,,,
exchange_rates,EURO Prom,Estudios Económicos — COTIZACIÓN DEL EURO EN EL MERCADO FLUCTUANTE — Promedio mensual,14,PYG_PER_EUR,units,monthly,,homogeneous,590,2002-01-31,2025-12-31,0,0,0,0,EUR — COMPRA | EUR — VENTA,,,,,,,,,,,,
bcp_fx_daily,OpDivisas2025(DatosDiarios),Monto de Operaciones de Divisas del Banco Central del Paraguay (millones de USD) - Año 2025,12,USD,millions,daily,,homogeneous,40836,2013-01-02,2026-08-14,0,0,0,0,Sector Financiero — Compras Netas | Venta del BCP — Total | Compra del BCP — Sector Financiero | Compra del BCP — Total | Sector Financiero — Acumulado en el Año | Sector Público — Compras Netas | Compra del BCP — Sector Público | Sector Público + Sector Financiero — Com | Venta del BCP — Sector Púb,,,,,,,,,,,,
banking_indicators,1,CRÉDITOS — Personas con crédito y cantidad total de operaciones,12,COUNT,units,monthly,,homogeneous,1512,2016-01-01,2026-06-01,0,0,0,0,Cantidad de personas que poseen una líne | Cantidad de líneas de sobregiros sin uti | Cantidad de personas con crédito — Físic | Cantidad de operaciones — Total | Cantidad de operaciones — Jurídicas | Cantidad de operaciones — Físicas | Cantidad de personas con crédito — Total | Cantidad de personas,,,,,,,,,,,,
bcp_fx_daily,OpDivisas2023(DatosDiarios),Monto de Operaciones de Divisas del Banco Central del Paraguay (millones de USD) - Año 2023,12,USD,millions,daily,,homogeneous,40836,2013-01-02,2026-08-14,0,0,0,0,Compra del BCP — Total | Compra del BCP — Sector Financiero | Sector Público — Compras Netas | Venta del BCP — Total | Sector Financiero — Compras Netas | Sector Financiero — Acumulado en el Año | Sector Público + Sector Financiero — Com | Compra del BCP — Sector Público | Sector Público — Acumulado,,,,,,,,,,,,
bcp_fx_daily,OpDivisas2018(DatosDiarios),Monto de Operaciones de Divisas del Banco Central del Paraguay (millones de USD) - Año 2018,12,USD,millions,daily,,homogeneous,40836,2013-01-02,2026-08-14,0,0,0,0,Sector Público — Acumulado en el Año | Venta del BCP — Sector Público | Sector Público + Sector Financiero — Acu | Compra del BCP — Total | Venta del BCP — Sector Financiero | Compra del BCP — Sector Público | Sector Público + Sector Financiero — Com | Sector Financiero — Acumulado en el Año | Secto,,,,,,,,,,,,
bcp_fx_daily,OpDivisas2026(DatosDiarios),Monto de Operaciones de Divisas del Banco Central del Paraguay (millones de USD) - Año 2026,12,USD,millions,daily,,homogeneous,40836,2013-01-02,2026-08-14,0,0,0,0,Sector Financiero — Acumulado en el Año | Compra del BCP — Total | Compra del BCP — Sector Financiero | Venta del BCP — Total | Sector Financiero — Compras Netas | Sector Público — Acumulado en el Año | Sector Público — Compras Netas | Venta del BCP — Sector Financiero | Sector Público + Sector Fina,,,,,,,,,,,,
bcp_fx_daily,OpDivisas2013(DatosDiarios),Monto de Operaciones de Divisas del Banco Central del Paraguay (millones de USD) - Año 2013,12,USD,millions,daily,,homogeneous,40836,2013-01-02,2026-08-14,0,0,0,0,Sector Financiero — Acumulado en el Año | Sector Público — Compras Netas | Sector Financiero — Compras Netas | Venta del BCP — Total | Compra del BCP — Sector Financiero | Compra del BCP — Sector Público | Sector Público + Sector Financiero — Com | Compra del BCP — Total | Sector Público + Sector Fi,,,,,,,,,,,,
insurance_annex,2.2,Pasivos,12,PYG,units,annual,,homogeneous,204,2009-06-30,2025-06-30,0,0,0,0,Pasivos — Deudas por coaseguros | Pasivos — Provisiones Técnicas de sinies | Pasivos — Deudas Financieras | Pasivos — Deudas por reaseguros local | Pasivos — Provisiones Técnicas de seguro | Pasivos — Deudas con intermediarios | Pasivos — Otras deudas Técnicas | Pasivos — Deudas por reaseguros exter,,,,,,,,,,,,
bcp_fx_daily,OpDivisas2021(DatosDiarios),Monto de Operaciones de Divisas del Banco Central del Paraguay (millones de USD) - Año 2021,12,USD,millions,daily,,homogeneous,40836,2013-01-02,2026-08-14,0,0,0,0,Sector Financiero — Acumulado en el Año | Sector Público — Compras Netas | Sector Financiero — Compras Netas | Venta del BCP — Total | Compra del BCP — Sector Financiero | Sector Público + Sector Financiero — Com | Compra del BCP — Sector Público | Compra del BCP — Total | Sector Público + Sector Fi,,,,,,,,,,,,
bcp_fx_daily,OpDivisas2019(DatosDiarios),Monto de Operaciones de Divisas del Banco Central del Paraguay (millones de USD) - Año 2019,12,USD,millions,daily,,homogeneous,40836,2013-01-02,2026-08-14,0,0,0,0,Sector Público + Sector Financiero — Acu | Venta del BCP — Sector Público | Venta del BCP — Sector Financiero | Sector Público + Sector Financiero — Com | Compra del BCP — Sector Público | Sector Público — Compras Netas | Sector Público — Acumulado en el Año | Compra del BCP — Sector Financiero | Co,,,,,,,,,,,,
bcp_fx_daily,OpDivisas2015(DatosDiarios),Monto de Operaciones de Divisas del Banco Central del Paraguay (millones de USD) - Año 2015,12,USD,millions,daily,,homogeneous,40836,2013-01-02,2026-08-14,0,0,0,0,Venta del BCP — Sector Financiero | Compra del BCP — Sector Público | Sector Público + Sector Financiero — Com | Sector Público — Acumulado en el Año | Sector Financiero — Compras Netas | Venta del BCP — Total | Sector Público + Sector Financiero — Acu | Venta del BCP — Sector Público | Sector Públi,,,,,,,,,,,,
bcp_fx_daily,OpDivisas2016(DatosDiarios),Monto de Operaciones de Divisas del Banco Central del Paraguay (millones de USD) - Año 2016,12,USD,millions,daily,,homogeneous,40836,2013-01-02,2026-08-14,0,0,0,0,Venta del BCP — Total | Sector Financiero — Compras Netas | Compra del BCP — Sector Financiero | Compra del BCP — Total | Sector Financiero — Acumulado en el Año | Sector Público — Compras Netas | Compra del BCP — Sector Público | Sector Público + Sector Financiero — Com | Venta del BCP — Sector Púb,,,,,,,,,,,,
bcp_fx_daily,OpDivisas2024(DatosDiarios),Monto de Operaciones de Divisas del Banco Central del Paraguay (millones de USD) - Año 2024,12,USD,millions,daily,,homogeneous,40836,2013-01-02,2026-08-14,0,0,0,0,Sector Público — Acumulado en el Año | Sector Público + Sector Financiero — Com | Compra del BCP — Sector Público | Venta del BCP — Sector Financiero | Sector Financiero — Acumulado en el Año | Venta del BCP — Sector Público | Sector Público + Sector Financiero — Acu | Compra del BCP — Total | Compr,,,,,,,,,,,,
economic_annex,CUADRO 25,Cuadro N° 25 — Créditos y depósitos del sector privado y público en bancos y financieras — Tasas de variación en porcentaje. *,12,PERCENT,units,monthly,,homogeneous,4248,1997-01-01,2026-06-30,0,0,0,0,Depósitos del sector privado público en  | Créditos de bancos y financieras al sect,,,,,,,,,,,,
bcp_fx_daily,OpDivisas2020(DatosDiarios),Monto de Operaciones de Divisas del Banco Central del Paraguay (millones de USD) - Año 2020,12,USD,millions,daily,,homogeneous,40836,2013-01-02,2026-08-14,0,0,0,0,Compra del BCP — Total | Sector Financiero — Acumulado en el Año | Venta del BCP — Total | Sector Financiero — Compras Netas | Sector Público — Compras Netas | Compra del BCP — Sector Financiero | Sector Público — Acumulado en el Año | Venta del BCP — Sector Público | Sector Público + Sector Financi,,,,,,,,,,,,
bcp_fx_daily,OpDivisas2022(DatosDiarios),Monto de Operaciones de Divisas del Banco Central del Paraguay (millones de USD) - Año 2022,12,USD,millions,daily,,homogeneous,40836,2013-01-02,2026-08-14,0,0,0,0,Compra del BCP — Sector Financiero | Sector Público — Compras Netas | Venta del BCP — Total | Sector Financiero — Compras Netas | Sector Financiero — Acumulado en el Año | Venta del BCP — Sector Financiero | Compra del BCP — Total | Venta del BCP — Sector Público | Sector Público + Sector Financiero,,,,,,,,,,,,
bcp_fx_daily,OpDivisas2014(DatosDiarios),Monto de Operaciones de Divisas del Banco Central del Paraguay (millones de USD) - Año 2014,12,USD,millions,daily,,homogeneous,40836,2013-01-02,2026-08-14,0,0,0,0,Compra del BCP — Total | Sector Financiero — Acumulado en el Año | Venta del BCP — Total | Sector Financiero — Compras Netas | Sector Público — Compras Netas | Compra del BCP — Sector Financiero | Sector Público — Acumulado en el Año | Venta del BCP — Sector Público | Sector Público + Sector Financi,,,,,,,,,,,,
bcp_fx_daily,OpDivisas2017(DatosDiarios),Monto de Operaciones de Divisas del Banco Central del Paraguay (millones de USD) - Año 2017,12,USD,millions,daily,,homogeneous,40836,2013-01-02,2026-08-14,0,0,0,0,Venta del BCP — Sector Financiero | Venta del BCP — Sector Público | Sector Público + Sector Financiero — Acu | Sector Público — Acumulado en el Año | Compra del BCP — Sector Público | Sector Público + Sector Financiero — Com | Compra del BCP — Sector Financiero | Sector Público — Compras Netas | Se,,,,,,,,,,,,
economic_annex,CUADRO 16,Cuadro Nº 16 — Índice de precios al consumidor - Área Metropolitana de Asunción. — Principales grupos dentro de cada agrupación. — Año base Diciembre 2017 = 100.,11,INDEX,units,monthly,base Diciembre 2017 = 100,homogeneous,4180,1994-12-01,2026-07-01,0,0,0,0,Alimentación — Productos lácteos | Vestido — Confección de ropas | Alimentación — Vegetales Frescos | Alimentación — Cereales y derivados | Alimentación — Carnes | Vestido — Prendas de vestir p/ damas | Vivienda — Servicios básicos y combustib | Alimentación — Frutas Frescas | Vivienda — Alquiler y,,,,,,,,,,,,
economic_annex,CUADRO 22,"Cuadro N° 22 — Agregados monetarios. — Tasas de variación, (%).",10,PERCENT,units,monthly,,homogeneous,3660,1996-01-01,2026-06-30,0,0,0,0,M2 — Billetes y monedas en circulación — | M0 — Billetes y monedas en circulación — | BM — Base monetaria — Variación — Mensua | M1 — Billetes y monedas en circulación — | M3 — Billetes y monedas en circulación — | BM — Base monetaria — Variación — Intera,,,,,,,,,,,,
economic_annex,Cuadro 54,Cuadro Nº 54 — Importaciones por regímenes aduaneros — En miles de dólares FOB.,10,USD,thousands,monthly,,homogeneous,2830,2003-01-01,2026-07-01,0,0,0,10,Reimportación | Zonas Francas sin Regimen de Turismo | Total | Remesa Expresa | Zonas Francas Total*** | Régimen General** | Régimen de Turismo | Maquila con Transformación | Maquila sin Transformación | Leasing,,,,,,,,,,,,
insurance_annex,2.1,Activos,10,PYG,units,annual,,homogeneous,170,2009-06-30,2025-06-30,0,0,0,0,Activos — Créditos administrativos | Activos — Activos diferidos | Activos — Bienes y derechos recibidos en | Activos — Total Activos | Activos — Disponibilidades | Activos — Bienes de uso | Activos — Gastos Pagados por adelantado | Activos — Créditos Técnicos Vencidos | Activos — Inversiones | Acti,,,,,,,,,,,,
economic_annex,CUADRO 6 (Cont.),Cuadro Nº 6 (Continuación) — Producto interno bruto trimestral (Incluye binacionales) — Por sectores económicos. — Variación interanual constantes (%),9,PERCENT,units,quarterly,,homogeneous,1125,1995-03-31,2026-03-31,0,0,0,0,"Servicios | Ganadería forestal, pesca y minería | Agricultura | Electricidad y agua | Manufactura | PIB a precios de comprador | Impuestos a los productos | Valor agregado bruto a precios básicos | Construcción",,,,,,,,,,,,
economic_annex,CUADRO 6a (Cont.),Cuadro Nº 6a (Continuación) — Producto interno bruto trimestral (Incluye binacionales) — Por sectores económicos. — Variación interanual corrientes (%),9,PERCENT,units,quarterly,,homogeneous,1125,1995-03-31,2026-03-31,0,0,0,0,"Manufactura | PIB a precios de comprador | Impuestos a los productos | Valor agregado bruto a precios básicos | Electricidad y agua | Agricultura | Construcción | Ganadería forestal, pesca y minería | Servicios",,,,,,,,,,,,
economic_annex,CUADRO 6a,Cuadro Nº 6 a — Producto interno bruto trimestral (incluye binacionales) — Por sectores económicos. — En millones de guaraníes corrientes,9,PYG,millions,quarterly,,homogeneous,1161,1994-03-31,2026-03-31,0,0,0,0,"Electricidad y agua | Agricultura | Servicios | Ganadería forestal, pesca y minería | Impuestos a los productos | Valor agregado bruto a precios básicos | Construcción | Manufactura | PIB a precios de comprador",,,,,,,,,,,,
economic_annex,CUADRO 6,Cuadro Nº 6 — Producto interno bruto trimestral (incluye binacionales) — Por sectores económicos. — En millones de guaraníes constantes de 2014.,9,PYG,millions,quarterly,,homogeneous,1161,1994-03-31,2026-03-31,0,9,0,0,"Construcción | PIB a precios de comprador | Manufactura | Ganadería forestal, pesca y minería | Valor agregado bruto a precios básicos | Impuestos a los productos | Servicios | Electricidad y agua | Agricultura",,,,,,,,,,,,
economic_annex,CUADRO 32 A,Cuadro N° 32 A — Instrumentos Bursátiles-Documentos en Custodia — Total Guaraníes (MN+ME),8,PYG,units,monthly,,homogeneous,1140,2013-01-01,2026-06-01,0,0,0,0,Acciones | Bono | Fond.Invers. | Total General | Títulos de Crédito | Bono Financiero | Bono Subordinado | BBCP,,,,,,,,,,,,
insurance_annex,1.34,Constitución de Previsiones,8,PYG,units,annual,,homogeneous,136,2009-06-30,2025-06-30,0,0,0,0,Constitución de Previsiones — Bienes y d | Constitución de Previsiones — Creditos a | Constitución de Previsiones — Anticipo d | Constitución de Previsiones — Total Cons | Constitución de Previsiones — Deudores p | Constitución de Previsiones — Comisiones,,,,,,,,,,,,
economic_annex,CUADRO 10 a,Cuadro Nº 10 a — Estimador Cifras de Negocios (ECN) — Índice Real Subramas Comerciales y Servicios de Telefonía Móvil — Base 2014=100,8,INDEX,units,monthly,Base 2014=100,homogeneous,2448,2001-01-01,2026-06-01,0,0,0,0,"Grandes tiendas, prendas de vestir | Productos químico-farmacéuticos | Venta y mantenimiento de vehículos | Materiales de construcción | Servicios de telefonía móvil | Venta de combustibles | Hiper, supermercados, distribuidoras y o | Equipamientos del hogar",,,,,,,,,,,,
insurance_annex,1.27,Desafectación de previsiones (Guaraníes),8,PYG,units,annual,,homogeneous,136,2009-06-30,2025-06-30,0,0,0,0,Desafectación de previsiones (Guaraníes),,,,,,,,,,,,
economic_annex,Cuadro 43,Cuadro Nº 43 — Balanza de Bienes — En miles de dólares FOB.,8,USD,thousands,monthly,,homogeneous,3128,1994-01-01,2026-07-01,1,0,0,8,Importaciones totales | Saldo | Importaciones registradas | Exportaciones totales | Exportaciones registradas | Otros | Reexportaciones,,,,,,,,,,,,
payments,SIPAP_13,Tipo de Alias registrados — 2023/01 — 2023/02 — 2023/03 — 2023/04 — 2023/05,7,UNRESOLVED_SOURCE_UNITS,units,monthly,,homogeneous,220,2023-08-31,2026-07-31,0,0,0,0,CRC | Mobile phone | RUC | CRP | Alias Registrados (*) | CI | E-mail address,,,,,,,,,,,,
economic_annex,CUADRO 7a (Cont.),Cuadro Nº 7a (Continuación) — Producto interno bruto trimestral (Incluye binacionales) — Por tipo de gasto. — Variación interanual corrientes (%),7,PERCENT,units,quarterly,,homogeneous,875,1995-03-31,2026-03-31,0,0,0,0,PIB a precios de comprador | Exportaciones | Formación bruta de capital fijo | Variación de existencias | Consumo Público | Importaciones | Consumo Privado,,,,,,,,,,,,
economic_annex,CUADRO 7 (Cont.),Cuadro Nº 7 (Continuación) — Producto interno bruto trimestral (Incluye binacionales) — Por tipo de gasto. — Variación interanual constantes (%),7,PERCENT,units,quarterly,,homogeneous,875,1995-03-31,2026-03-31,0,0,0,0,Variación de existencias | Consumo Público | Importaciones | Consumo Privado | PIB a precios de comprador | Exportaciones | Formación bruta de capital fijo,,,,,,,,,,,,
economic_annex,CUADRO 29,Cuadro N° 29 — Panorama Monetario - Pasivos 1/ — En millones de guaraníes.,7,PYG,millions,monthly,,homogeneous,2646,1995-01-01,2026-06-30,0,0,0,0,M1 | Billetes y Monedas en Poder del Público | M2 | Billetes y Monedas en Circulación - M0 | Depósitos en Cuenta Corriente | Cuasidinero 2/ | Efectivo en Bancos y Financieras,,,,,,,,,,,,
economic_annex,CUADRO 7,Cuadro Nº 7 — Producto interno bruto trimestral (Incluye binacionales) — Por tipo de gasto. — En millones de guaraníes constantes de 2014.,7,PYG,millions,quarterly,,homogeneous,903,1994-03-31,2026-03-31,0,7,0,0,Consumo Privado | Importaciones | Consumo Público | Variación de existencias | PIB a precios de comprador | Exportaciones | Formación bruta de capital fijo,,,,,,,,,,,,
economic_annex,CUADRO 7a,Cuadro Nº 7a — Producto interno bruto trimestral (Incluye binacionales) — Por tipo de gasto. — En millones de guaraníes corrientes.,7,PYG,millions,quarterly,,homogeneous,903,1994-03-31,2026-03-31,0,0,0,0,Exportaciones | PIB a precios de comprador | Formación bruta de capital fijo | Consumo Público | Consumo Privado | Importaciones | Variación de existencias,,,,,,,,,,,,
economic_annex,CUADRO 28,Cuadro N° 28 — Panorama Monetario - Activos 1/ — En millones de guaraníes.,7,PYG,millions,monthly,,homogeneous,2646,1995-01-01,2026-06-30,0,0,0,0,Activos Internos Netos (AIN) — Crédito - | Activos Internos Netos (AIN) — Crédito N | Total Activos — Total AIN | Activos Externos Netos (AEN) | Activos Internos Netos (AIN) — Total AIN,,,,,,,,,,,,
insurance_annex,1.36,Gastos de inversiones,7,PYG,units,annual,,homogeneous,119,2009-06-30,2025-06-30,0,0,0,0,Gastos de inversiones — Total Gastos de  | Gastos de inversiones — Titulo valores r | Gastos de inversiones — Préstamos | Gastos de inversiones — Perdida por fluc | Gastos de inversiones — Inversiones inmo | Gastos de inversiones — Gastos Financier | Gastos de inversiones — Titulos valores,,,,,,,,,,,,
economic_annex,CUADRO 34,Cuadro N° 34 — Principales indicadores de las empresas financieras. — En porcentaje.,7,PERCENT,units,monthly,,homogeneous,1746,2002-01-01,2026-05-01,0,0,0,0,Morosidad 1/ | Solvencia 2/ | Eficiencia 4/ | Liquidez 5/ | Rentabilidad 3/ | Intermediación 6/ | Gtos. Adm./M.Operativo,,,,,,,,,,,,
economic_annex,Cuadro 48,Cuadro Nº 48 — Exportaciones por regímenes aduaneros — En miles de dólares FOB.,6,USD,thousands,monthly,,homogeneous,1697,2003-01-01,2026-07-01,0,0,0,6,Total | Zonas Francas | Maquila | Courrier | Régimen General** | Leasing,,,,,,,,,,,,
insurance_annex,1.35,Ingresos de inversiones,6,PYG,units,annual,,homogeneous,102,2009-06-30,2025-06-30,0,0,0,0,Ingresos de inversiones — Inversiones in | Ingresos de inversiones — Total ingresos | Ingresos de inversiones — Titulos valore | Ingresos de inversiones — Ganancia por f | Ingresos de inversiones — Titulo valores | Ingresos de inversiones — Préstamos,,,,,,,,,,,,
insurance_annex,2.3,Patrimonio Neto,6,PYG,units,annual,,homogeneous,102,2009-06-30,2025-06-30,0,0,0,0,Patrimonio Neto — Capital social | Patrimonio Neto — Reservas | Patrimonio Neto — Resultados Acumulados | Patrimonio Neto — Total Patrimonio Neto | Patrimonio Neto — Cuentas pendientes por | Patrimonio Neto — Resultado del ejercici,,,,,,,,,,,,
banking_indicators,6,DEPÓSITOS — Cantidad de cuentas por tipo de depósito,6,UNRESOLVED_SOURCE_UNITS,units,monthly,,homogeneous,756,2016-01-01,2026-06-01,0,0,0,0,A la vista | Total (*) | Ahorro programado | A plazo - CDA | Cuentas básicas de ahorro | Cuentas corrientes,,,,,,,,,,,,
payments,CCC 01,Cheques Compensados - (Cámara Compensadora de Cheques - BANCARD) PYG — Cheques Compensados en 1era. Sesión — Cheques Rechazados en 2da. Sesión — Compensaciones Netas Mensuales — Total País - PYG,6,PYG,units,monthly,,homogeneous,918,2013-11-30,2026-07-31,0,0,0,0,Transacciones | Monto,,,,,,,,,,,,
economic_annex,CUADRO 33,Cuadro N° 33 — Principales indicadores del sistema bancario nacional. — En porcentaje. — Morosidad 1/ — Solvencia 2/ — Rentabilidad 3/,6,PERCENT,units,monthly,,homogeneous,1854,1999-01-01,2026-05-01,0,0,0,0,0.4232 — 0.372 — 0.3682 — 0.3378 — 0.413 | 0.2099 — 0.232 — 0.4582 — 0.3264 — 0.159 | 0.3639 — 0.3712 — 0.5612 — 0.3175 — 0.23 | 0.14 — 0.1308 — 0.1297 — 0.1593 — 0.1838 | 0.824926430188963 — 0.88636725430868 — 0,,,,,,,,,,,,
economic_annex,CUADRO 60b,Cuadro Nº 60b — Tipo de cambio real Multilateral - Indice de precios externos — (enero 1995 = 100),6,INDEX,units,monthly,,homogeneous,2268,1995-01-01,2026-06-01,0,0,0,0,Índice IPE | TCN | IPC | TCN_SSCC | IPP_SSCC | TCR,,,,,,,,,,,,
economic_annex,CUADRO 13,Cuadro Nº 13 — Índice nominal de tarifas y precios. — Base Diciembre de 2017=100 — Serie empalmada,5,INDEX,units,monthly,Base Diciembre de 2017=100,homogeneous,2217,1988-01-01,2026-07-01,0,0,0,0,Servicios básicos — Electricidad | Gasoil — Teléfono | Servicios básicos — Teléfono | Servicios básicos — Agua | Pasaje — Teléfono,,,,,,,,,,,,
economic_annex,CUADRO 56b,Cuadro Nº 56b — Reservas Internacionales Netas — En millones de dólares.,5,USD,millions,monthly,,homogeneous,1060,2009-01-01,2026-08-07,1,0,0,0,Tenencia de DEG | Oro | Otros Activos de Reserva 1/ | Tramo de Reservas en el FMI (DEG) | Saldo,,,,,,,,,,,,
insurance_annex,1.38,Perdidas Extraordinarias,5,PYG,units,annual,,homogeneous,85,2009-06-30,2025-06-30,0,0,0,0,Perdidas Extraordinarias — Resultado por | Perdidas Extraordinarias — Intangibles | Perdidas Extraordinarias — Perdida por v | Perdidas Extraordinarias — Cesión de car | Perdidas Extraordinarias — Total Perdida,,,,,,,,,,,,
economic_annex,CUADRO 60c,Cuadro Nº 60c — Tipo de cambio real bilateral — (enero 1995 = 100),5,INDEX,units,monthly,enero 1995 = 100,homogeneous,1890,1995-01-01,2026-06-01,0,0,0,0,TCR USA | TCR Br | TCR Arg | TCN | IPC,,,,,,,,,,,,
economic_annex,Cuadro 21 a,Cuadro Nº 21 a — Agregados Monetarios -Serie Histórica 1/ — En millones de guaranies,5,PYG,millions,monthly,,homogeneous,3568,1960-01-01,2026-06-30,0,0,0,0,M1 | M3 | M2 | M0 | BM,,,,,,,,,,,,
economic_annex,CUADRO 14 c,Cuadro Nº 14 c — Índice de Precios al Consumidor (IPC) - Área Metropolitana de Asunción — Bienes y Servicios Administrados - Serie Empalmada — Base diciembre 2017 = 100.,4,INDEX,units,monthly,Base diciembre 2017 = 100,homogeneous,1132,2003-01-01,2026-07-01,0,0,0,0,Índice General | IPC Bienes Libres Sin FyV | IPC Bienes Libres | Bienes y Servicios Administrados,,,,,,,,,,,,
insurance_annex,1.37,Ganancias Extraordinarias,4,PYG,units,annual,,homogeneous,68,2009-06-30,2025-06-30,0,0,0,0,Ganancias Extraordinarias — Otras gananc | Ganancias Extraordinarias — Venta de bie | Ganancias Extraordinarias — Total Gananc | Ganancias Extraordinarias — Cesión de ca,,,,,,,,,,,,
economic_annex,CUADRO 30,Cuadro N° 30 — Créditos y depósitos del sector privado y público en bancos y financieras. — Moneda extranjera (dólares) — Tasas de variación en porcentaje.,4,PERCENT,units,monthly,,homogeneous,1416,1997-01-01,2026-06-30,0,0,0,0,Depósitos — Mensual | Créditos — Interanual | Depósitos — Interanual | Créditos — Mensual,,,,,,,,,,,,
economic_annex,CUADRO 10,Cuadro Nº 10 — Estimador Cifras de Negocios (ECN) — Índice base 2014 = 100.,3,INDEX,units,monthly,base 2014 = 100,homogeneous,894,2001-01-01,2026-06-01,0,0,0,0,Interanual | Acumulado | Índice General,,,,,,,,,,,,
banking_indicators,2,CRÉDITOS — Personas físicas con crédito por género,3,UNRESOLVED_SOURCE_UNITS,units,monthly,,homogeneous,378,2016-01-01,2026-06-01,0,0,0,0,Personas Físicas — Masculino | Personas Físicas — Femenino | Total — Masculino,,,,,,,,,,,,
compensatory_fx_sales,Ventas(DatosMensuales),Monto de Operaciones de Divisas Compensatorias y Complementarias del Banco Central del Paraguay (millones de USD),3,USD,millions,monthly,,homogeneous,417,2015-01-31,2026-07-31,0,0,0,0,Ventas Complementarias | Ventas Compensatorias | Total Ventas,,,,,,,,,,,,
banking_indicators,5,DEPÓSITOS — Personas con depósitos por género,3,UNRESOLVED_SOURCE_UNITS,units,monthly,,homogeneous,378,2016-01-01,2026-06-01,0,0,0,0,Personas Fisicas — Masculino | Total — Masculino | Personas Fisicas — Femenino,,,,,,,,,,,,
payments,SIPAP_07,Transferencias entre Clientes de Entidades Financieras por SPI — SPI liquida sólo PYG — Cant. Operaciones — Importe Destino — 2013/11 — 2013/12,2,PYG,units,monthly,,homogeneous,102,2022-05-31,2026-07-31,0,0,0,0,column_4 | column_3,,,,,,,,,,,,
exchange_rates,USD Prom,Estudios Económicos — COTIZACION DEL DOLAR AMERICANO — Promedio Mensual,2,PYG_PER_USD,units,monthly,,homogeneous,902,1989-01-31,2026-07-31,0,0,0,0,USD — COMPRA | USD — VENTA,,,,,,,,,,,,
payments,CCE,Transferencias entre clientes de EMPE (Cámara Compensadora de EMPE) — Transferencias entre clientes - PYG — Transacciones — 2020/01 — 2020/02 — 2020/03,2,PYG,units,monthly,,homogeneous,140,2020-10-31,2026-07-31,0,0,0,0,column_3 | column_4,,,,,,,,,,,,
exchange_rates,REAL Fin Mes,Estudios Económicos — COTIZACIÓN DEL REAL EN EL MERCADO FLUCTUANTE — Fin de Periodo,2,PYG_PER_BRL,units,monthly,,homogeneous,782,1994-01-31,2026-07-31,2,0,0,0,BRL — VENTA | BRL — COMPRA,,,,,,,,,,,,
exchange_rates,PESO Fin Mes,Estudios Económicos — COTIZACIÓN DEL PESO EN EL MERCADO FLUCTUANTE — Fin de Periodo,2,PYG_PER_ARS,units,monthly,,homogeneous,782,1994-01-31,2026-07-31,2,0,0,0,ARS — COMPRA | ARS — VENTA,,,,,,,,,,,,
exchange_rates,EURO Fin Mes,Estudios Económicos — COTIZACIÓN DEL EURO EN EL MERCADO FLUCTUANTE — Fin de Período,2,PYG_PER_EUR,units,monthly,,homogeneous,590,2002-01-31,2026-07-31,2,0,0,0,EUR — COMPRA | EUR — VENTA,,,,,,,,,,,,
exchange_rates,USD Fin Mes,Estudios Económicos — COMPRA — COTIZACIONES DEL DOLAR EN EL MERCADO FLUCTUANTE — Fin de Período,2,PYG_PER_USD,units,annual,,homogeneous,50,1945-12-31,1969-12-31,2,0,0,0,USD — COMPRA | USD — VENTA,,,,,,,,,,,,
economic_annex,CUADRO 9,Indicador Mensual de la Actividad Económica del Paraguay (IMAEP). — Índice base 2014 = 100.,2,INDEX,units,monthly,base 2014 = 100,homogeneous,780,1994-01-01,2026-06-01,0,0,2,0,IMAEP sin Agri. ni Bin. Serie Original | IMAEP Serie Original,,,,,,,,,,,,
economic_annex,CUADRO 57a,Cuadro Nº 57a — Retornos interanuales de Reservas Internacionales,1,UNRESOLVED_SOURCE_UNITS,units,monthly,,homogeneous,12,2021-01-31,2021-12-31,0,0,0,0,Cuadro Nº 57a — Retornos interanuales de,,,,,,,,,,,,
economic_annex,CUADRO 57b,Cuadro Nº 57b — Intereses cobrados por colocaciones de las reservas internacionales netas. — En miles de dólares.,1,USD,thousands,monthly,,homogeneous,348,1991-01-31,2020-12-31,0,0,0,0,Cuadro Nº 57b — Intereses cobrados por c,,,,,,,,,,,,
payments,AFD 01,Pagos de Intereses y Capital de Bonos emitidos por la AFD (DEPO) — En PYG — Importe Destino — 2013/11 — 2013/12 — 2014/01,1,PYG,units,monthly,,homogeneous,108,2014-06-30,2026-07-31,0,0,0,0,column_3,,,,,,,,,,,,
payments,MIHA 01,Pagos de Intereses y Capital de Bonos emitidos por el Ministerio de Hacienda (DEPO) — En PYG,1,PYG,units,monthly,,homogeneous,153,2013-11-30,2026-07-31,0,0,0,0,Importe Destino,,,,,,,,,,,,
economic_annex,CUADRO 61,Cuadro Nº 61 — Compra / Venta de divisas en el mercado cambiario local. — En miles de dólares. — Compra — Bancos comerciales — Casas de cambio,182,USD,thousands,quarterly | monthly | annual,,mixed,26306,1994-12-31,2026-07-31,0,0,0,0,Compra — Total — Spot y Efectivo | Venta — Financieras — Arbitraje — Pesos  | Venta — Total — Operación Nominal — Real | Compra — Financieras — Forward | Compra — Total — Arbitraje — Dólar | Compra — Casas de cambio — Forward | Venta — Total — Operación Nominal — Otra | Venta — Total — Canje | Venta,,,,,,,,,,,,
direct_investment,Cuadro 4,Estadísticas de Inversión Directa en Paraguay — 1995 - 2024 — Cuadro 4. Flujos de Inversión Directa por residencia del inversionista — En Dólares de Estados Unidos de América,146,USD,units,annual | quarterly,,mixed,9787,1996-03-31,2024-12-31,146,0,0,0,LIECHTENSTEIN | PORTUGAL | ARGENTINA | SUDÁFRICA | JERSEY | ITALIA | ISLA DE MAN | NORUEGA | HONG KONG | GUINEA ECUATORIAL | JAPÓN | FILIPINAS | EGIPTO | EMIRATOS ÁRABES UNIDOS | ISRAEL | ISLAS MARSHALL | COREA DEL SUR | PERÚ | CHILE | LUXEMBURGO | ECUADOR | AUSTRIA | GEORGIA | ALEMANIA | PUERTO RIC,,,,,,,,,,,,
economic_annex,CUADRO 38,Cuadro Nº 38 — Resumen de la cuenta corriente por componentes normalizados- MBP6** — En millones de dólares.,120,USD,millions,quarterly | annual,,mixed,5460,2008-03-31,2026-03-31,0,0,0,0,"5. Servicios de construcción | 2.4 Activos de reserva | 9. Servicios de telecomunicaciones, info | D. Ingreso secundario | 6. Servicios de seguros y pensiones | PRÉSTAMO /ENDEUDAMIENTO NETO | 2. Otros sectores | 1. Remuneración de empleados | 12. Servicios del gobierno, n.i.o.p. | 2. Oro no monetari",,,,,,,,,,,,
financial_indicators,4,Cuadro Nº 4 — Saldos desglosados por plazo y cartera - Bancos,94,PYG | UNRESOLVED_SOURCE_UNITS,units,monthly,,mixed,17484,2011-01-31,2026-06-30,94,0,0,0,MN — Tasa Pasiva — Títulos Valores — Tít | MN — Tasa Activa — Desarrollo — Préstamo | MN — Tasa Pasiva — Depósitos a la Vista | ME — Activa — Total — Otros Depósitos | ME — Tasa Activa — Consumo — Total | MN — Tasa Activa — Otros — Préstamos Var | ME — Tasa Pasiva — CDA — CDA > 365 días | MN — Tasa,,,,,,,,,,,,
financial_indicators,7,Cuadro Nº 7 — Saldos desglosados por plazo y cartera - Financieras,94,PYG | UNRESOLVED_SOURCE_UNITS,units,monthly,,mixed,17425,2011-01-31,2026-06-30,94,0,0,0,MN — Tasa Activa — Vivienda — Préstamo P | ME — Tasa Pasiva — Depósitos a la Vista  | ME — Tasa Activa — Comercial — Préstamo  | ME — Tasa Activa — Vivienda — Préstamo P | MN — Tasa Activa — Desarrollo — Total | MN — Pasiva — Total — Sobregiros | ME — Tasa Activa — Otros — Préstamos Var | ME — Tasa,,,,,,,,,,,,
economic_annex,CUADRO 40,Cuadro Nº 40 — Balanza de pagos de Paraguay.** — Presentación analítica - (MBP6) — En millones de dólares.,88,USD,millions,annual | quarterly,,mixed,4004,2008-03-31,2026-03-31,0,0,0,0,"D. Errores y omisiones netos | Total, grupos A a D (Balanza global) | 17.4 Otros sectores | 1. Bienes f.o.b. : exportaciones | 13.2 Títulos de deuda | Total, grupos A, B y C | 18. Otra inversión - pasivos | E. Financiamiento | 8. Transferencias corrientes: débito | 3. Servicios: crédito | 14. Invers",,,,,,,,,,,,
economic_annex,CUADRO 41,Cuadro Nº 41 — Posición de inversión internacional (saldos a fin de periodo)-(MBP6)** — En millones de dólares.,84,USD,millions,annual | quarterly,,mixed,3822,2008-03-31,2026-03-31,84,0,0,0,"4.1.2 Moneda y depósitos | 1.2.1 Participaciones de capital y parti | 4.1.4 Seguros, pensiones y mecanismos no | 5.2 Derechos especiales de giro | 1.1.3 Títulos de deuda | 2. Inversión de cartera | 4.2.2 Moneda y depósitos | 1.2.3 Títulos de deuda | II. Pasivos | 2.1.1 Participaciones de capital y p",,,,,,,,,,,,
economic_annex,CUADRO 39,Cuadro Nº 39 — Resumen de la Cuenta Financiera por componentes normalizados-MBP6** — En millones de dólares.,76,USD,millions,quarterly | annual,,mixed,3458,2008-03-31,2026-03-31,0,0,0,0,4.2.3 Préstamos | 1.2.1 Participaciones de capital distint | 4.2.1 Otras participaciones de capital | 2.1.2 Intrumentos de deuda | 1.1.2 Reinversión de utilidades | 2.1 Activos | 1.2 Pasivo | 4.2.5 Créditos y anticipos comerciales | 1.2.3 Intrumentos de deuda | 4.1.3 Préstamos | 4.2.7 Derechos espec,,,,,,,,,,,,
economic_annex,CUADRO 37,Cuadro Nº 37 — Balanza de pagos - presentación normalizada-(MBP6) ** — En millones de dólares.,76,USD,millions,quarterly | annual,,mixed,3445,2008-03-31,2026-03-31,0,0,0,0,4. — 4.2.5 — Créditos y anticipos comerc | 2. — Renta de la inversión | 3. — Derivados Financieros (Distintos de | 1. — Transferencias de capital — Activos | A. Bienes 1/ | 2. — 2.2 — Inver. de Cartera | II.- Cuenta de capital — Transferencias  | 1. — Inversión directa — Activos de Rese | Préstamo /,,,,,,,,,,,,
payments,SIPAP_04,"Transferencias entre Clientes de Entidades Financieras, por rango de Monto",74,COUNT | PYG | USD | EUR,millions | units,monthly,,mixed,8088,2013-11-30,2026-07-31,0,0,0,0,PYG (SPI) — 6- Más de 5 a 6 Millones — C | PYG — 2- Más de 1 a 5 Millones — Importe | PYG (SPI) — 1- Hasta 1 Millón — Cantidad | PYG (ACH) — 3- Más de 5 a 10 Millones —  | PYG (ACH) — 5- Más de 100 a 1.000 Millon | EUR — 1- Hasta 1.000 — Cantidad | PYG (SPI) — 1- Hasta 1 Millón — Importe | PYG — 3-,,,,,,,,,,,,
payments,SIPAP_05,Transferencias entre Clientes por Entidades Financieras en el LBTR — Por Entidad Financiera,73,EUR | PYG | USD,units,monthly,,mixed,9745,2013-11-30,2026-07-31,0,0,0,0,USD — BCNAPYPAXXXX | USD — VISCPYPAXXXX | USD — CRIFPYPEXXXX | EUR — VISCPYPAXXXX | USD — AMAMPYPAXXXX | USD — BNITPYPAXXXX | USD — FAMIPYPAXXXX | PYG — COMAPYPAXXXX | EUR — CITIUS33XASR | USD — BNFAPYPAXXXX | EUR — BCOPPYPAXXXX | USD — FRIOPYPAXXXX | PYG — TUFIPYPAXXXX | PYG — FRIOPYPAXXXX | EUR —,,,,,,,,,,,,
direct_investment,Cuadro 6,Estadísticas de Inversión Directa en Paraguay — 1995 - 2024 — Cuadro 6. Flujos de Inversión Directa por actividad económica — En Dólares de Estados Unidos de América,68,USD,units,quarterly | annual,,mixed,4930,1996-03-31,2024-12-31,68,0,0,0,06 PRODUCCIÓN DE CARNE — SECUNDARIO | 18 MINERALES NO METÁLICOS — SECUNDARIO | 31 RESTAURANTES Y HOTELES — TERCIARIO | 16 PRODUCCIÓN DE PAPEL Y PRODUCTOS DE PA | 20 PRODUCTOS METÁLICOS — SECUNDARIO | 02 GANADERÍA — PRIMARIO | 14 PRODUCCIÓN DE CUERO Y CALZADO — SECUN | 10 PRODUCCIÓN DE AZÚCAR — SECUN,,,,,,,,,,,,
economic_annex,CUADRO 14 b,"Cuadro Nº 14 b — Índice de Precios al Consumidor (IPC) - Área Metropolitana de Asunción. — Inflación total, inflación bienes alimenticios, inflación bienes alimenticios s/fyv, inflación bienes distintos de alimentos, inflación total de bienes, inflación de servicios, inflación de renta, e inflación servicios y renta. — Base Diciembre 2017 = 100 — Serie Empalmada",44,INDEX | PERCENT,units,monthly,Base Diciembre 2017 = 100,mixed,16042,1995-01-01,2026-07-01,0,0,0,0,"IPC sin alimentos — Inter. | Índice de servicios — Inter. | Variación% — Inter. | Variación% — Mens. | Índice General — Inter. | Índice de bienes alimenticios | Índice de bienes alimenticios sin frutas | Índice del total de bienes — Inter. | IPCSAE — Inter. | Índice de renta — Inter. | IPC sin Alim,",,,,,,,,,,,,
payments,CCC 02,Cheques Pagados por Entidad Bancaria - (Cámara Compensadora de Cheques - BANCARD),42,COUNT | UNRESOLVED_SOURCE_UNITS,units,monthly,,mixed,5086,2013-11-30,2026-07-31,0,0,0,0,BCPAPYPXXXXX — Cantidad | BCNAPYPAXXXX — Importe | SOLAPYPAXXXX — Cantidad | UBBRPYPXXXXX — Cantidad | BCPAPYPXXXXX — Importe | IIFAPYPAXXXX — Importe | BNITPYPAXXXX — Cantidad | FNXAPYPAXXXX — Importe | FAMIPYPAXXXX — Cantidad | BSUDPYPXXXXX — Importe | AMAMPYPAXXXX — Cantidad | BSUDPYPXXXXX — Cant,,,,,,,,,,,,
economic_annex,CUADRO 36,Cuadro Nº 36 — Ejecución Presupuestaria de la Administración Central — En miles millones de Guaraníes,38,PYG,billions,monthly | annual,,mixed,3078,2003-12-31,2026-12-31,0,0,0,0,Gastos — Gastos Total Obligado — Prestac | Gastos — Gastos Total Obligado — Servici | Ingresos — Ingreso Total Recaudado | Adquisición Neta de Activos No Financier | Gastos — Gastos Total Obligado — Ingreso | Gastos — Gastos Total Obligado — Otros G | Prestamo Neto/ Endeudam. Neto — Gastos T | Gasto,,,,,,,,,,,,
economic_annex,CUADRO 32,Cuadro N° 32 — Operaciones de la Bolsa de Valores de Asunción. — En millones de guaraníes.,38,PYG | USD,millions,monthly | annual,,mixed,7222,1994-01-01,2026-05-01,0,0,0,0,Títulos de Inversión — s/d — 0 | Total operación — s/d — 32237.786 | Certificado de Call interfinanciero — s/ | Pagarés — s/d — 0 | Cupones — s/d — 2394 | Bonos USD — s/d — 0 | Bonos — s/d — 603 | Reporto USD — s/d — 0 | Títulos de Crédito — s/d — 0 | Derivados — s/d — 0 | Cuotas de participación US,,,,,,,,,,,,
direct_investment,Cuadro 2,Estadísticas de Inversión Directa en Paraguay — 1995 - 2024 — Cuadro 2. Saldos de Inversión Directa por componentes — En Dólares de Estados Unidos de América,32,USD,units,annual | quarterly,,mixed,2336,1995-12-31,2024-12-31,32,0,0,0,TOTAL DE INVERSION DIRECTA — UTILIDADES  | BANCOS — TOTAL GENERAL | BANCOS — PRESTAMOS DE IED | EMPRESAS NO FINANCIERAS — CAPITAL | SEGUROS Y OTRAS ENTIDADES FINANCIERAS 1  | BANCOS — CAPITAL | EMPRESAS NO FINANCIERAS — TOTAL GENERAL | BANCOS — UTILIDADES REINVERTIDAS | TOTAL DE INVERSION DIRECTA —,,,,,,,,,,,,
direct_investment,Cuadro 1,Estadísticas de Inversión Directa en Paraguay — 1995 - 2024 — Cuadro 1. Flujos de Inversión Directa por componentes — En Dólares de Estados Unidos de América,32,USD,units,annual | quarterly,,mixed,2320,1996-03-31,2024-12-31,32,0,0,0,SEGUROS Y OTRAS ENTIDADES FINANCIERAS1 — | EMPRESAS NO FINANCIERAS — TOTAL GENERAL | SEGUROS Y OTRAS ENTIDADES FINANCIERAS 1  | BANCOS — CAPITAL | EMPRESAS NO FINANCIERAS — CAPITAL | EMPRESAS NO FINANCIERAS — UTILIDADES REI | EMPRESAS NO FINANCIERAS — PRESTAMOS DE I | TOTAL DE INVERSION DIRECTA — UT,,,,,,,,,,,,
economic_annex,CUADRO 58,Cuadro N° 58 — Remesas Familiares — Ingreso de divisas. — En miles de dólares.,30,USD | EUR,thousands,monthly | annual,,mixed,3600,2008-01-31,2026-12-31,0,0,0,0,Europa — Otros | Europa — Alemania | Europa — Italia | Asia — Otros | América del Norte — Otros | Asia — Japón | Resto del mundo — Otros | América Latina — Argentina | Europa — Francia | América Latina — Chile | Europa — España | Total — Otros | América Latina — Brasil | América Latina — Otros | Amé,,,,,,,,,,,,
economic_annex,CUADRO 20,Cuadro N° 20 — Operaciones cambiarias del Banco Central del Paraguay. — En millones de dólares.,30,USD,millions,quarterly | monthly | annual,,mixed,5480,1990-12-31,2026-12-31,0,0,0,0,Otras operaciones 1/ — Compra — 7 | Sector financiero — Total neto — 3=1+2 | Otras operaciones 1/ — Total neto — 9=7+ | Sector público — Compra — 4 | Otras operaciones 1/ — Venta — 8 | Operaciones netas totales — Total neto — | Sector público — Total neto — 6=4+5 | Sector público — Venta — 5 | Secto,,,,,,,,,,,,
economic_annex,CUADRO 18,Cuadro N° 18 — Balance monetario del Banco Central del Paraguay. — En millones de guaraníes. — Activos internacionales netos — Activos internos netos — Billetes y monedas en circulación (MO),29,UNRESOLVED_SOURCE_UNITS | PYG,millions,monthly | annual,,mixed,5804,1990-12-31,2026-06-30,0,0,0,0,Instrum.de P.M. — IRM 1/ — Depósitos ME  | Otros activos y pasivos — (b) — Depósito | Otros activos y pasivos — (a) — Depósito | Call 3/ — VLI 4/ — Depósitos ME — 0 | Crédito y depósito del sector público en | Otros activos y pasivos — c = (a+b) — De | Crédito y depósito del sistema bancario  | 8266,,,,,,,,,,,,
exchange_rates,Cotizaciones Diarias,Julio/2026,28,PYG_PER_AUD | PYG_PER_CLP | PYG_PER_ARS | PYG_PER_GBP | PYG_PER_BOB | PYG_PER_DKK | PYG_PER_CAD | PYG_PER_CHF | PYG_PER_SEK | PYG_PER_JPY | PYG_PER_UYU | PYG_PER_EUR | PYG_PER_USD | PYG_PER_BRL,units,daily,,mixed,644,2026-07-01,2026-07-31,0,0,0,0,Corona Sueca — compra | Dólar Australiano — compra | Euro — venta | Franco Suizo — venta | Real — compra | Corona Danesa — compra | Peso Chileno — venta | Peso Argentino — venta | Libra Esterlina — venta | Libra Esterlina — compra | Corona Danesa — venta | Dólar Australiano — venta | Dólar — venta |,,,,,,,,,,,,
economic_annex,CUADRO 15,"Cuadro Nº 15 — Índice de precios al consumidor - Área Metropolitana de Asunción. — Inflación total, inflación subyacente e inflación subyacente (X1). — Base Diciembre 2017 = 100. — Serie Empalmada",24,PERCENT | INDEX,units,monthly,Base Diciembre 2017 = 100,mixed,9546,1992-12-01,2026-07-01,0,0,0,0,Servicios tarifados — Variaciones (%) —  | Subyacente — Variaciones (%) — Mensual | Subyacente — Índice — Interanual | Servicios tarifados — Índice — Interanua | Combustibles — Índice — Interanual | Frutas y verduras — Variaciones (%) — Ac | Subyacente (X1) — Variaciones (%) — Mens | Subyacente (X1),,,,,,,,,,,,
payments,CCC 04,"Cheques rechazados en el País, por causales - (Cámara Compensadora de Cheques - BANCARD)",24,COUNT | UNRESOLVED_SOURCE_UNITS,units,monthly,,mixed,3574,2013-11-30,2026-07-31,0,0,0,0,8- Presentación extemporánea — Monto | 2- Cuenta cancelada — Cantidad | 3- Firma deficiente — Monto | 8- Presentación extemporánea — Cantidad | 2- Cuenta cancelada — Monto | 7- Orden de no pago — Cantidad | 4- Endoso deficiente — Monto | 6- Fecha deficiente — Monto | 4- Endoso deficiente — Cantidad,,,,,,,,,,,,
direct_investment,Cuadro 3,"Estadísticas de Inversión Directa en Paraguay — 1995 - 2024 — Cuadro 3. Utilidades devengadas, remesadas y reinvertidas — En Dólares de Estados Unidos de América",24,USD,units,quarterly | annual,,mixed,1740,1996-03-31,2024-12-31,0,0,0,0,Utilidades remesadas — BANCOS | Utilidades devengadas — BANCOS | TOTAL UTILIDADES NO DISTRIBUIDAS — TOTAL | Utilidades remesadas — EMPRESAS NO FINAN | TOTAL UTILIDADES DEVENGADAS — TOTAL | Utilidades remesadas — SEGUROS Y OTRAS E | Utilidades no distribuidas — BANCOS | Utilidades devengadas — SEGURO,,,,,,,,,,,,
economic_annex,CUADRO 12,Cuadro Nº 12 — Índice de Sueldos y Salarios — Base Junio 2001 = 100,22,PERCENT | INDEX,units,annual | semiannual,Base Junio 2001 = 100,mixed,835,2001-06-30,2025-12-31,0,0,0,0,Intermediación Financiera | Variaciones (%) — Interanual | Industrias Manufactureras | Construcción | Transporte | Electriciadad y Agua | Comunicaciones | Índice General | Comercio | Variaciones (%) — Semestral | Servicios | Hoteles y Restaurantes,,,,,,,,,,,,
payments,OMP 04,Infraestructura de Operadoras de Medios de Pago,21,COUNT | UNRESOLVED_SOURCE_UNITS,units,monthly,,mixed,1660,2018-01-31,2026-07-31,0,0,0,0,QR Débito en cuenta - Billeteras — Monto | QR Débito en cuenta — Monto | Cantidad de ATM por Operadora — UPAY | Cantidad de POS por Operadora — PROCARD  | Extracciones en ATM* — Cantidad | Cantidad de ATM por Operadora — BEPSA DE | QR Débito en cuenta — Cantidad | Total QR — Monto | Extracciones en,,,,,,,,,,,,
economic_annex,CUADRO 14 a,"Cuadro Nº 14 a — Índice de Precios al Consumidor (IPC)- Área Metropolitana de Asunción. — Inflación total, inflación bienes transables s/fyv, inflación bienes no transables, inflación bienes nacional, e inflación bienes importados s/fyv. — Series empalmadas - 2017 = 100.",20,PERCENT | INDEX,units,monthly,,mixed,7558,1995-01-01,2026-07-01,0,0,0,0,Índice de bienes transables sin frutas y | Índice de bienes no transables — Inter. | Variación% — Mens. | Índice General — Inter. | Variación% — Acum. | Índice de productos nacionales — Inter. | Variación% — Inter. | Índice de productos importados sin fruta,,,,,,,,,,,,
economic_annex,CUADRO 27,Cuadro N° 27 — Posición del BCP ante el sistema financiero. — En millones de guaraníes.,20,UNRESOLVED_SOURCE_UNITS | PYG,millions,annual | monthly,,mixed,3940,1990-12-31,2026-06-30,0,0,0,0,Crédito al sist. financiero del BCP — Si | Posición neta — Depósitos del resto del  | Depósitos del sistema financiero en el B | Crédito al sist. financiero del BCP — Re,,,,,,,,,,,,
economic_annex,CUADRO 19,Cuadro N° 19 — Instrumentos de regulación monetaria. — En millones de guaraníes.,19,PERCENT | PYG,units | millions,monthly,,mixed,5619,1993-01-01,2026-07-01,1,0,0,0,Tasa de Política Monetaria — Facilidad P | COLOCACIONES — Rendimiento promedio pond | COLOCACIONES — Tasas según Plazos (%) —  | FACILIDADES PERMAMENTES (Corredor de Tas | COLOCACIONES — Total colocaciones — Días | COLOCACIONES — Montos colocados según pl | COLOCACIONES — Saldos — Días — 456 a 728 |,,,,,,,,,,,,
payments,SIPAP_12,Transferencias por funcionalidades del SPI,18,COUNT | UNRESOLVED_SOURCE_UNITS,units,monthly,,mixed,590,2022-05-31,2026-07-31,0,0,0,0,Alias Subparticipantes (B) — Importe Des | Alias (A) — Cantidad | Iniciadores de pagos (E) — Importe Desti | Alias Subparticipantes (B) — Cantidad | Transferencias ordinarias (G) — Importe  | TOTAL SPI (I) — Importe Destino | Transferencias con QR (H) | TOTAL SPI (I) — Cantidad | TOTAL ALIAS (C) — C,,,,,,,,,,,,
economic_annex,CUADRO 35,Cuadro Nº 35 — Depósitos del sector público no financiero en el Banco Central del Paraguay — En millones de guaraníes.,18,UNRESOLVED_SOURCE_UNITS | PYG,millions,monthly | annual,,mixed,3327,1990-12-31,2026-05-01,0,0,0,0,Empresas públicas — ME — 587 — 48 — 23 — | Gobierno local /1 — Total — 587 — 48 — 2 | Total — 291729 — 426041 — 326912 — 22854 | Empresas públicas — Total — 60963 — 1242 | Administración Central — Total — 102312  | Entidades descentralizadas — Total — 469 | Empresas públicas — MN — 587 — 48 — 23 — |,,,,,,,,,,,,
economic_annex,CUADRO 56a,Cuadro Nº 56a — Reservas Internacionales Netas 1/ — En millones de dólares.,18,USD,millions,annual | monthly,,mixed,3562,1990-12-31,2026-08-07,2,0,0,0,Divisas — Corresponsales en el exterior  | Otros activos de reserva — Saldo — Plazo | Otros activos de reserva — Otros — Plazo | Otros activos de reserva — Aladi neto —  | Dólares — 416.9 — 462.8 — 329.7 — 416 | Oro — 13.5 — 12.8 — 11.6 — 13.7,,,,,,,,,,,,
economic_annex,Cuadro 44b,Cuadro Nº 44b — Exportaciones por principales productos. — En cantidades.,17,TONNES | KWH,units,monthly,,mixed,6647,1994-01-01,2026-07-01,0,0,0,0,Toneladas — Total | Toneladas — Prendas y demás artículos te | Toneladas — Carne | Toneladas — Harina de soja | 1000 KWh — Energía Eléctrica | Toneladas — Fibras de algodón | Toneladas — Cueros | Toneladas — Granos de soja | Toneladas — Trigo | Toneladas — Arroz | Toneladas — Azúcar | Toneladas — Re,,,,,,,,,,,,
economic_annex,CUADRO 23,Cuadro N° 23 — Depósitos /1 del sector privado y público en bancos y financieras.,17,UNRESOLVED_SOURCE_UNITS | PYG_PER_USD | PERCENT | PYG,millions | units,monthly,,mixed,6239,1995-12-01,2026-06-30,0,0,0,0,Total de depósitos (millones de guaraníe | En moneda extranjera (en millones de gua | En moneda nacional (en millones de guara,,,,,,,,,,,,
payments,SIPAP_03,Transferencias entre clientes a través del Servicio Patrocinador (LBTR),16,UNRESOLVED_SOURCE_UNITS | COUNT | USD | PYG,units,monthly,,mixed,924,2021-10-31,2026-07-31,0,0,0,0,Sub participante a Sub participante — US | Total — PYG — Cantidad | Total — UDS — Cantidad | Total — UDS — Importe Destino | Participante Directo a sub participante  | Total — PYG — Importe Destino | Sub participante a Sub participante — PY | Sub participante a Participante Directo,,,,,,,,,,,,
economic_annex,CUADRO 14,Cuadro Nº 14 — Índice de precios al consumidor. — Área Metropolitana de Asunción. — Base diciembre 2017 = 100.,16,PERCENT | INDEX,units,monthly,Base diciembre 2017 = 100,mixed,6080,1994-12-01,2026-07-01,0,0,0,0,"Bebidas alcohol tabacos | Alojamiento agua, electricidad gas y otr | Muebles y artículos para el hogar | Variación (%) — Acumulado | Bienes servicios | Variación (%) — Interanual | Comunicación | Educación | Gasto en salud | Recreación cultura | Variación (%) — Mensual | Alimentación bebidas no alch",,,,,,,,,,,,
financial_indicators,8,,15,UNRESOLVED_SOURCE_UNITS | DAYS | COUNT | USD,units,monthly,,mixed,1743,2016-01-01,2026-06-01,0,0,0,0,PRIME 1/ | ESTER 3/ | Banco de la Reserva de Perú | Facilidad marginal de créditos | BANCOS CENTRALES | Operaciones de refinanciación | SOFR 2/ | Rango Superior | LIBOR A 6 MESES USD 4/ | Rango Inferior | Banco de la Republica de Colombia | Tasa Selic | Banco Central de Chile | SOFR 2/180 días | Fac,,,,,,,,,,,,
economic_annex,CUADRO 23a,Cuadro N° 23a — Depósitos /1 del sector privado en bancos y financieras.,15,PYG | PERCENT | UNRESOLVED_SOURCE_UNITS | PYG_PER_USD,units | millions,monthly,,mixed,5550,1995-03-01,2026-06-30,0,0,0,0,En moneda extranjera (en millones de gua | Total de depósitos (millones de guaraníe | En moneda nacional (en millones de guara,,,,,,,,,,,,
payments,CCC 03,Cheques Pagados por rango de monto - (Cámara Compensadora de Cheques - BANCARD),14,COUNT | UNRESOLVED_SOURCE_UNITS,units,monthly,,mixed,2142,2013-11-30,2026-07-31,0,0,0,0,2- Entre 1.000.001 y 10.000.000 — Total  | 1- Menor e igual a 1.000.000 — Total Mon | 2- Entre 1.000.001 y 10.000.000 — Cantid | 7- Mayor que 500.000.000 — Total Monto | 5- Entre 100.000.001 y 200.000.000 — Tot | 7- Mayor que 500.000.000 — Cantidad | 3- Entre 10.000.001 y 50.000.000 — Total | 5- Ent,,,,,,,,,,,,
payments,OMP 01_02,Tarjetas de Crédito - Compras por tecnología,14,COUNT | UNRESOLVED_SOURCE_UNITS,units,monthly,,mixed,434,2024-01-31,2026-07-31,0,0,0,0,Canal Digital — Compras con QR — Cantida | Canal Presencial — Compras con NFC — Mon | Canal Digital — Compras con Link de pago | Canal Presencial — Compras con Chip — Mo | Canal Digital — Compras con Tarjeta no p | Canal Presencial — Compras con QR — Cant | Canal Digital — Compras con QR — Monto | C,,,,,,,,,,,,
payments,OMP 03_02,Tarjetas Pre Paga - Compras por tecnología,14,UNRESOLVED_SOURCE_UNITS | COUNT,units,monthly,,mixed,434,2024-01-31,2026-07-31,0,0,0,0,Canal Presencial — Compras con Chip — Mo | Canal Digital — Compras con Tarjeta no p | Canal Digital — Compras con QR — Cantida | Canal Presencial — Compras con NFC — Mon | Canal Presencial — Compras con Chip — Ca | Canal Presencial — Compras con banda Mag | Canal Digital — Compras con Link de pago |,,,,,,,,,,,,
payments,OMP 01,Tarjetas de Crédito - (Operadoras de Medios de Pago),14,COUNT | UNRESOLVED_SOURCE_UNITS,units,monthly,,mixed,1268,2018-01-31,2026-07-31,0,0,0,0,Extracciones en ATM — Cantidad | Compras con QR — Monto | Cantidad de Tarjetas de Crédito Activas  | Extracciones en ATM — Monto | Compras en Internet con Tarjeta de Crédi | Compras con QR — Cantidad | Compras en POS con Tarjeta de Crédito —,,,,,,,,,,,,
economic_annex,CUADRO 16 (Cont.),Cuadro Nº 16 (continuación) — Índice de precios al consumidor - Área Metropolitana de Asunción. — Principales grupos dentro de cada agrupación. — Año base Diciembre 2017 =100.,14,INDEX | COUNT,units,monthly,base Diciembre 2017 =100,mixed,5320,1994-12-01,2026-07-01,0,0,0,0,"Transporte — Combustibles y Lubricantes | Educación — Nivel pre-escolar | Transporte — Transporte público y taxis | Rec. y Cultura — Libros, revistas y peri | Gastos en salud — Productos medicinales | Educación — Nivel universitario | Rec. y Cultura — Recreación | Beb y Tabacos — Tabaco | Educación",,,,,,,,,,,,
payments,OMP 02_02,Tarjetas de Débito - Compras por tecnología,14,UNRESOLVED_SOURCE_UNITS | COUNT,units,monthly,,mixed,434,2024-01-31,2026-07-31,0,0,0,0,Canal Presencial — Compras con Chip — Mo | Canal Digital — Compras con Tarjeta no p | Canal Digital — Compras con QR — Cantida | Canal Presencial — Compras con NFC — Mon | Canal Presencial — Compras con Chip — Ca | Canal Presencial — Compras con banda Mag | Canal Digital — Compras con Link de pago |,,,,,,,,,,,,
economic_annex,Cuadro 45,Cuadro Nº 45 — Exportaciones registradas. — En miles de dólares FOB.,13,EUR | USD,thousands,monthly,,mixed,5083,1994-01-01,2026-07-01,0,0,0,13,Resto de Aladi** | China | Argentina | Resto de Asia | Total Mercosur | USMCA*** | Uruguay | Rusia | Resto del mundo | Union Europea**** | Venezuela | Brasil | Total General,,,,,,,,,,,,
economic_annex,Cuadro 50,Cuadro Nº 50 — Importaciones registradas. — En miles de dólares FOB.,13,EUR | USD,thousands,monthly,,mixed,5083,1994-01-01,2026-07-01,0,0,0,13,Total General | Brasil | Total Mercosur | USMCA*** | Venezuela | Union Europea**** | Resto del mundo | China | Uruguay | Rusia | Resto de Aladi** | Argentina | Resto de Asia,,,,,,,,,,,,
economic_annex,Cuadro 49,Cuadro Nº 49 — Precios Internacionales,13,USD_PER_TONNE | USD_PER_BARREL,units,monthly,,mixed,5236,1994-01-01,2028-12-01,0,0,0,0,Arroz — Chicago — USD/ton. | Azúcar — New York — USD/ton. | Harina de soja — Chicago — USD/ton. | Arroz — Tailandia — USD/ton. | Algodón — New York — USD/ton. | Carne* — Chicago — USD/ton. | Soja — Chicago — USD/ton. | Aceite de soja — Chicago — USD/ton. | Carne* — Australia — USD/ton. | Girasol — S,,,,,,,,,,,,
payments,OMP 03,Tarjetas Prepagas - (Operadoras de Medios de Pago),12,COUNT | UNRESOLVED_SOURCE_UNITS,units,monthly,,mixed,1066,2018-01-31,2026-07-31,0,0,0,0,Compras con QR — Cantidad | Cantidad de Tarjetas Prepagas Activas po | Compras en Internet con Tarjetas Prepaga | Compras en POS con Tarjetas Prepagas — M | Compras en POS con Tarjetas Prepagas — C | Extracciones en ATM con Tarjetas Prepaga | Compras con QR — Monto,,,,,,,,,,,,
payments,OMP 02,Tarjetas de Débito - (Operadoras de Medios de Pago),12,COUNT | UNRESOLVED_SOURCE_UNITS,units,monthly,,mixed,1062,2018-01-31,2026-07-31,0,0,0,0,Extracciones en ATM — Monto | Cantidad de Tarjetas de Débito Activas p | Compras en POS con Tarjeta de Débito — M | Extracciones en ATM — Cantidad | Compras en Internet con Tarjeta de Débit | Compras con QR — Cantidad | Compras con QR — Monto | Compras en POS con Tarjeta de Débito — C,,,,,,,,,,,,
economic_annex,CUADRO 26,Cuadro N° 26 — Gastos de la Política Monetaria del BCP — En millones de guaraníes.,12,UNRESOLVED_SOURCE_UNITS | PYG,millions,monthly | annual,,mixed,1920,2002-01-01,2026-12-31,0,0,0,0,Otros Gastos Financieros — ME — 0 | Remuneración de Encaje Legal — ME — 1538 | Remuneración por IRM 1/ — 127845.196 | Producción de Instrum. de Política 2/ —  | Total de gastos — ME — 161286.627 | Remuneración de Encaje Legal — MN — 1805,,,,,,,,,,,,
economic_annex,CUADRO 21,Cuadro N° 21 — Agregados monetarios 1/ — En millones de guaraníes.,10,PYG | UNRESOLVED_SOURCE_UNITS,millions,monthly,,mixed,3780,1995-01-01,2026-06-30,0,0,0,0,M0 — Billetes y monedas en circulación | Cuasidinero (b) — Depósitos a plazos | BM — Base Monetaria | M2 — c = (a+b) | Depósitos en moneda extranjera — (d) | Cuasidinero (b) — Depósitos de ahorro | Cuasidinero (b) — Títulos de Inversión 2 | M1 — (a) | Cuasidinero (b) — Certificados de ahorro | M3 —,,,,,,,,,,,,
economic_annex,CUADRO 31,Cuadro Nº 31 — Tasas efectivas de interés. — Sistema bancario - moneda nacional. — Promedios mensuales (en porcentaje anual).,10,PERCENT,units,monthly | annual,,mixed,1451,1990-12-31,2026-05-01,0,0,0,0,Call — BCP — s/m — 24 — 27.17 — 19.2 | Pasivas — Promedio ponderado — 12 — 14.0 | Pasivas — A plazo — 12 — 14.08 — 11.3 —  | Pasivas — A la vista — 12 — 14.08 — 11.3 | Call — Interbancario — s/m — 30.1 — 34.2 | Pasivas — CDA — 12 — 14.08 — 11.3 — 11.2 | Activas — Prom. Pond. (Excluidos Tarj. d,,,,,,,,,,,,
payments,CCCoop,Cámara Compensadora de Cooperativas - CABAL PYG,10,COUNT | PYG,units,monthly,,mixed,560,2021-12-31,2026-07-31,0,0,0,0,MEDALLA — Importe Destino | UNIVERSITARIA — Importe Destino | LAMBARE — Importe Destino | UNIVERSITARIA — Cantidad | TOTAL — Importe Destino | COOMERCIPAR — Importe Destino | LAMBARE — Cantidad | TOTAL — Cantidad | COOMERCIPAR — Cantidad | MEDALLA — Cantidad,,,,,,,,,,,,
economic_annex,CUADRO 8,Cuadro Nº 8,8,PYG | USD,millions | units,annual,,mixed,616,1950-12-31,2026-12-31,0,0,0,0,Producto interno bruto por habitante en  | Producto interno bruto a precios de comp,,,,,,,,,,,,
economic_annex,CUADRO 11,Cuadro Nº 11 — Evolución del salario mínimo legal. — Base 1980 = 100.,8,INDEX,units,irregular_interval | annual | monthly,Base 1980 = 100,mixed,370,1980-06-30,2026-12-31,0,0,0,0,Índice de salario mínimo — Nominal | Salario mínimo legal — Nominal | Salario mínimo legal — Nominal — vigenci | IPC — Base 1980 =100 | Salario mínimo legal — Real | Índice de salario mínimo — Real | Variación del poder adquisitivo respecto,,,,,,,,,,,,
payments,SIPAP_11,Transferencias entre clientes a través del Servicio Patrocinador (SPI),8,UNRESOLVED_SOURCE_UNITS | COUNT,units,monthly,,mixed,292,2023-07-31,2026-07-31,0,0,0,0,Total — Importe Destino | Total — Cantidad | Participante Directo a sub participante  | Sub participante a Sub participante — Ca | Sub participante a Sub participante — Im | Sub participante a Participante Directo,,,,,,,,,,,,
economic_annex,CUADRO 29 (Cont.),Cuadro N° 29 (continuación) — Panorama Monetario - Pasivos 1/ — En millones de guaraníes.,8,PYG | UNRESOLVED_SOURCE_UNITS,millions,monthly,,mixed,3024,1995-01-01,2026-06-30,0,0,0,0,Otras Obligaciones 2/ | Capital y Reservas | Total Pasivos | M2 | M3 | Depósitos en Moneda Extranjera | Préstamos Externos M/L plazos | Activos y Pasivos No Clasificados,,,,,,,,,,,,
economic_annex,CUADRO 24a,Cuadro N° 24a — Créditos de bancos y financieras al sector privado,7,PYG | PERCENT | PYG_PER_USD | UNRESOLVED_SOURCE_UNITS,units | millions,monthly,,mixed,2590,1995-03-01,2026-06-30,1,0,0,0,Moneda extranjera — En millones USD | Moneda extranjera — Part. % | Moneda nacional — Part. % | Total de saldos — En millones de guarani | Moneda extranjera — Tipo de cambio | Moneda extranjera — En millones de guara | Moneda nacional — En millones de guarani,,,,,,,,,,,,
economic_annex,CUADRO 24,Cuadro N° 24 — Créditos de bancos y financieras al sector privado y público.,7,PYG_PER_USD | PERCENT | PYG | UNRESOLVED_SOURCE_UNITS,units | millions,monthly,,mixed,2590,1995-03-01,2026-06-30,1,0,0,0,Moneda nacional — En millones de guarani | Moneda extranjera — Tipo de cambio | Total de saldos — En millones de guarani | Moneda nacional — Part. % | Moneda extranjera — En millones de guara | Moneda extranjera — Part. % | Moneda extranjera — En millones USD,,,,,,,,,,,,
economic_annex,CUADRO 24b,Cuadro N° 24b — Créditos/1 otorgados por Cooperativas de Ahorro y Crédito Tipo A.,7,PERCENT | PYG,units | millions,monthly,,mixed,672,2017-12-01,2025-11-01,0,0,0,0,Tipo de cambio — % | Part. — % | En moneda extranjera (en millones de gua | Total de créditos (millones de guaraníes | Total (en millones de USD) — % | En moneda nacional (en millones de guara,,,,,,,,,,,,
economic_annex,CUADRO 23b,Cuadro N° 23b — Depósitos/1 en Cooperativas de Ahorro y Crédito Tipo A.,7,PERCENT | PYG,millions | units,monthly,,mixed,672,2017-12-01,2025-11-01,0,0,0,0,En moneda nacional (en millones de guara | Part. — % | Total (en millones de USD) — % | En moneda extranjera (en millones de gua | Total de depósitos (millones de guaraníe | Tipo de cambio — %,,,,,,,,,,,,
economic_annex,CUADRO 59,CUADRO N° 59 — Deuda pública externa (*) — En miles de dólares.,7,USD,thousands,annual | monthly,,mixed,1655,1994-01-31,2026-12-31,1,0,0,0,Transf. Neta — (a-b) | Desembolsos — (a) | Pagos Cap.e Int. — (b) | Saldos,,,,,,,,,,,,
banking_indicators,4,DEPÓSITOS — Personas con cuentas y cantidad total de cuentas,6,COUNT | UNRESOLVED_SOURCE_UNITS,units,monthly,,mixed,756,2016-01-01,2026-06-01,0,0,0,0,Cantidad de cuentas — Jurídicas | Cantidad de cuentas — Fisicas | Cantidad de cuentas — Total | Personas — Total | Personas — Jurídicas | Personas — Fisicas,,,,,,,,,,,,
payments,SIPAP_01,Transferencias entre Entidades Financieras en el LBTR,6,COUNT | EUR | USD | PYG,units,monthly,,mixed,700,2013-11-30,2026-07-31,0,0,0,0,EUR — Cantidad | USD — Importe Destino | PYG — Cantidad | USD — Cantidad | PYG — Importe Destino | EUR — Importe Destino,,,,,,,,,,,,
payments,SIPAP_02,Transferencias entre Clientes de Entidades Financieras en el LBTR,6,EUR | COUNT | USD | PYG,units,monthly,,mixed,908,2013-11-30,2026-07-31,0,0,0,0,PYG — Cantidad | USD — Importe Destino | EUR — Cantidad | PYG — Importe Destino | USD — Cantidad | EUR — Importe Destino,,,,,,,,,,,,
economic_annex,CUADRO 55,Cuadro Nº 55 — Ingreso de divisas - entidades binacionales. — En miles de dólares.,6,USD,thousands,annual | monthly,,mixed,1207,1994-01-31,2026-12-31,0,0,0,0,Total | Yacyretá2 | Itaipú1,,,,,,,,,,,,
banking_indicators,3,CRÉDITOS — Cantidad de operaciones por tipo de crédito,6,COUNT | UNRESOLVED_SOURCE_UNITS,units,monthly,,mixed,756,2016-01-01,2026-06-01,0,0,0,0,Préstamos | Descuento de documentos | Sobregiros | Total (*) | Cantidad de líneas de sobregiros sin uti | Tarjetas,,,,,,,,,,,,
payments,AFD 02,Transferencias de la AFD a las Entidades Financieras - LBTR & ACH — En PYG,5,PYG | COUNT,units,monthly,,mixed,765,2013-11-30,2026-07-31,0,0,0,0,Lotes | Cant. Operaciones | Importe Destino,,,,,,,,,,,,
payments,MIHA 03,Transferencias al Ministerio de Hacienda de Entidades Financieras — LBTR & ACH - En PYG,5,PYG | COUNT,units,monthly,,mixed,765,2013-11-30,2026-07-31,0,0,0,0,Lotes | Cant. Operaciones | Importe Destino,,,,,,,,,,,,
payments,MIHA 02,Transferencias del Ministerio de Hacienda a Clientes de Entidades Financieras — LBTR & ACH - En PYG,5,COUNT | PYG,units,monthly,,mixed,765,2013-11-30,2026-07-31,0,0,0,0,Importe Destino | Cant. Operaciones | Lotes,,,,,,,,,,,,
economic_annex,CUADRO 31 (Cont.),Cuadro N° 31 (continuación) — Tasas efectivas de interés. — Sistema bancario - moneda extranjera. — Promedios mensuales (en porcentaje anual).,5,PERCENT,units,monthly | annual,,mixed,949,1990-12-31,2026-05-01,0,0,0,0,Activas — Promedio ponderado | Pasivas — A la vista | Pasivas — A plazo | Pasivas — CDA,,,,,,,,,,,,
payments,AFD 03,Transferencias a la AFD de Entidades Financieras - LBTR & ACH — En PYG,5,PYG | COUNT,units,monthly,,mixed,423,2013-11-30,2026-07-31,0,0,0,0,Lotes | Cant. Operaciones | Importe Destino,,,,,,,,,,,,
economic_annex,CUADRO 13 a,Cuadro Nº 13 a — Índice de Precios al Consumidor — Base Diciembre de 2017=100 — Serie empalmada,4,PERCENT | INDEX,units,monthly,Base Diciembre de 2017=100,mixed,1826,1988-01-01,2026-07-01,0,0,0,0,Variación % — Acumulada | Índice — Gasoil | Variación % — Interanual | Variación % — Mensual,,,,,,,,,,,,
economic_annex,CUADRO 60a,Cuadro Nº 60a — Tipo de cambio nominal del guaraní,4,PYG_PER_ARS | PYG_PER_EUR | PYG_PER_BRL | PYG_PER_USD,units,monthly,,mixed,1420,1997-01-01,2026-07-01,0,0,0,0,USD 1/ | Peso | Euro | Real,,,,,,,,,,,,
payments,SIPAP_06,Transferencias entre Clientes de Entidades Financieras por ACH — ACH liquida sólo PYG,3,PYG | COUNT,units,monthly,,mixed,459,2013-11-30,2026-07-31,0,0,0,0,Importe Destino | Cant. Operaciones | Lotes,,,,,,,,,,,,
payments,MIHA 04,Transferencias del Ministerio de Hacienda a Clientes de Entidades Financieras — LBTR & ACH - En USD,3,COUNT | USD,units,monthly,,mixed,459,2013-11-30,2026-07-31,0,0,0,0,Cant. Operaciones | Lotes | Importe Destino,,,,,,,,,,,,
payments,MIHA 05,Transferencias al Ministerio de Hacienda de Entidades Financieras — LBTR & ACH - En USD,3,USD | COUNT,units,monthly,,mixed,459,2013-11-30,2026-07-31,0,0,0,0,Importe Destino | Cant. Operaciones | Lotes,,,,,,,,,,,,
banking_indicators,7,Personas con algún depósito o crédito,3,UNRESOLVED_SOURCE_UNITS | COUNT,units,monthly,,mixed,378,2016-01-01,2026-06-01,0,0,0,0,Total — Jurídicas | Cantidad de Personas — Físicas | Cantidad de Personas — Jurídicas,,,,,,,,,,,,
payments,AFD 04,Transferencias de la AFD a las Entidades Financieras - LBTR & ACH,2,UNRESOLVED_SOURCE_UNITS | COUNT,units,monthly,,mixed,306,2013-11-30,2026-07-31,0,0,0,0,Importe Destino | Cant. Operaciones,,,,,,,,,,,,
payments,AFD 05,Transferencias a la AFD de Entidades Financieras - LBTR & ACH — En USD,2,USD | COUNT,units,monthly,,mixed,306,2013-11-30,2026-07-31,0,0,0,0,Importe Destino | Cant. Operaciones,,,,,,,,,,,,
