file,bytes,sha256,encoding,utf8_bom,line_endings,physical_lines,logical_records,outer_widths,outer_malformed_records,outer_parse_error,header_columns,dimension_columns,period_columns,period_header_min,period_header_max,data_records,distinct_series_codes,duplicate_series_code_records,potential_observations,metadata_records,multiline_records,inner_widths,irregular_inner_records,inner_parse_errors,nonnumeric_observation_tokens,nonnumeric_token_values,countries,frequencies,units,scales,transformations
Balance of Payments (BOP).csv,14889677,33c9416b208c3b8823b1e706dbc97f99ccee6153248f3f2606634a0b9d9c18c7,UTF-8,True,CRLF,7521,7521,"{""3"": 7521}",0,,215,9,206,1975-Q1,2026-Q2,7520,7520,0,760820,0,0,"{""215"": 7521}",0,0,0,[],Argentina | Bolivia | Brazil | Chile | Colombia | Ecuador | Paraguay | Peru | Uruguay,Quarterly,US dollar,Millions,
Commodity Terms of Trade (CTOT).csv,1130081,10f3ee8cfd833db4624517815cac1ad7bd69b5a87d748b78602c77c237b2d4a6,UTF-8,True,CRLF,109,109,"{""1"": 109}",0,,565,8,557,1980-M01,2026-M05,108,108,0,60156,0,0,"{""565"": 109}",0,0,0,[],Argentina | Bolivia | Brazil | Chile | Colombia | Ecuador | Paraguay | Peru | Uruguay,Monthly,,Units,
"Consumer Price Index (CPI), World and Country Aggregates (CPI_WCA).csv",118247,0bd7b9202540fd90a37bb27f75df6da523c4d093a2c1b3399b66ab0c24f94918,UTF-8,True,CRLF,61,61,"{""3"": 61}",0,,233,36,197,2010-M02,2026-M06,30,30,0,5690,0,30,"{""233"": 31}",0,0,0,[],Advanced Economies | Africa | Americas | Asia | Emerging Market and Developing Economies | Europe | G20 | G7 | Oceania | World,Monthly,Index | Percent,,"Index | Percent Change, Period over period, Period Average | Period average, Period-over-period percent change | Period average, Year-over-year (YOY) percent change | Year-over-year (YOY) percent change, period average"
Consumer Price Index (CPI).csv,9994827,2aac39c8669b03c215cbe0a6cc71924b828e94c9fe2c8ac5fbd5c0334b5a4296,UTF-8,True,CRLF,783,783,"{""1"": 783}",0,,2034,9,2025,1900-M01,2026-Q2,782,782,0,130548,0,0,"{""2034"": 783}",0,0,0,[],Argentina | Bolivia | Brazil | Chile | Colombia | Ecuador | Paraguay | Peru | Uruguay,Monthly | Quarterly,,Units,"Index | Period average, Period-over-period percent change | Period average, Year-over-year (YOY) percent change | Standard reference period (2010=100), Index | Standard reference period (2010=100), Period average, Period-over-period percent change | Standard reference period (2010=100), Period average, Year-over-year (YOY) percent change | Weight | Weight, Percent"
Effective Exchange Rate (EER).csv,257745,ccbf80b14b1db6fb89b9cf3b0edf7b6b51b0d079dd9e48f7d1e62cee75192a37,UTF-8,True,CRLF,25,25,"{""1"": 25}",0,,767,7,760,1979-M01,2026-Q2,24,24,0,9030,0,0,"{""767"": 25}",0,0,0,[],Bolivia | Brazil | Chile | Colombia | Paraguay | Uruguay,Monthly | Quarterly,,Units,
Exchange Rates (ER).csv,3312913,14eb34c87865eb5c788faa295594f3d72203a37723c29291b2df05389693d6b4,UTF-8,True,CRLF,289,289,"{""1"": 289}",0,,1122,8,1114,1957-M01,2026-Q2,288,288,0,105780,0,0,"{""1122"": 289}",0,0,0,[],Argentina | Bolivia | Brazil | Chile | Colombia | Ecuador | Paraguay | Peru | Uruguay,Monthly | Quarterly,,Units,End-of-period (EoP) | Period average
"Financial Soundness Indicators (FSI), Balance Sheet, Income Statement and Memorandum Series.csv",3171377,cbc80874a1b24878c86defbdef01b48bd8992e3e2abf9dc4c26e1a762bdb6e37,UTF-8,True,CRLF,884,884,"{""1"": 884}",0,,414,8,406,2001-M01,2026-Q1,883,883,0,99395,0,0,"{""414"": 884}",0,0,0,[],Argentina | Bolivia | Brazil | Chile | Colombia | Ecuador | Paraguay | Peru | Uruguay,Monthly | Quarterly,,Millions | Units,
"Financial Soundness Indicators (FSI), Core and Additional Indicators.csv",2846624,a0789a17bdb29983f268e8345ce76dc3663e1fdbeeabbf1f898c4c40011d8296,UTF-8,True,CRLF,711,711,"{""1"": 711}",0,,414,8,406,2001-M01,2026-Q1,710,710,0,87244,0,0,"{""414"": 711}",0,0,0,[],Argentina | Bolivia | Brazil | Chile | Colombia | Ecuador | Paraguay | Peru | Uruguay,Monthly | Quarterly,,Millions | Units,
"Financial Soundness Indicators (FSI), Country Metadata Table 2.csv",7463713,82d0d1f68a6f1beea79cde1758168abf3509c2055eb4fec60753d83d097d22de,UTF-8,True,CRLF,1989,1989,"{""1"": 1989}",0,,606,6,600,2001-M01,2050-M12,1988,497,1491,101095,1988,0,"{""606"": 1989}",0,0,0,[],Argentina | Bolivia | Brazil | Chile | Colombia | Ecuador | Paraguay | Peru | Uruguay,Monthly,,,
International Investment Position (IIP).csv,4279175,c45ba0f034053fb3d665f6ff23ac5eaf9f1ad739e1f1c55adde604794066c0c8,UTF-8,True,CRLF,2948,2948,"{""1"": 2948}",0,,151,9,142,1991-Q1,2026-Q2,2947,2947,0,197733,0,0,"{""151"": 2948}",0,0,0,[],Argentina | Bolivia | Brazil | Chile | Colombia | Ecuador | Paraguay | Peru | Uruguay,Quarterly,US dollar,Millions,
International Liquidity (IL).csv,3713481,c09c8b61558e95c333ccf8f0e3cadbb8790dda2bcba0a2dba44215e8d825cdcb,UTF-8,True,CRLF,289,289,"{""1"": 289}",0,,1313,8,1305,1945-M01,2026-Q2,288,288,0,149846,0,0,"{""1313"": 289}",0,0,0,[],Argentina | Bolivia | Brazil | Chile | Colombia | Ecuador | Paraguay | Peru | Uruguay,Monthly | Quarterly,Fine troy ounces | SDR | US dollar,Millions,
International Reserves and Foreign Currency Liquidity (IRFCL).csv,8122062,137578fafd788f3706189f767b60dea12d0140c99eb117f8e7bf9775a176f216,UTF-8,True,CRLF,2633,2633,"{""1"": 2633}",0,,429,8,421,2000-M04,2026-Q2,2632,2632,0,215764,0,0,"{""429"": 2633}",0,0,0,[],Argentina | Bolivia | Brazil | Chile | Colombia | Ecuador | Paraguay | Peru | Uruguay,Monthly | Quarterly,,Millions,
International Trade in Goods (ITG).csv,101181,20bf00b54ec324e86dfab58a6cf5f6b840feebff244915d70b8f7ff57a2797e8,UTF-8,True,CRLF,38,38,"{""1"": 38}",0,,352,8,344,2005-M01,2026-Q2,37,37,0,5980,0,0,"{""352"": 38}",0,0,0,[],Argentina | Bolivia | Brazil | Chile | Colombia | Ecuador | Paraguay | Peru | Uruguay,Monthly | Quarterly,,Billions | Millions | Thousands,"Cost insurance freight (CIF), US dollar | Free on board (FOB), US dollar"
International Trade in Goods (by partner country) (IMTS).csv,98447357,3d8993bb9090c51e2faa0c1b1989b9274e51b3327caee8c7d4edbb8e61914480,UTF-8,True,CRLF,12812,12812,"{""1"": 12812}",0,,1070,8,1062,1960-M01,2026-Q1,12811,12811,0,3118702,0,0,"{""1070"": 12812}",0,0,0,[],Argentina | Bolivia | Brazil | Chile | Colombia | Ecuador | Paraguay | Peru | Uruguay,Monthly | Quarterly,,Millions,
"Monetary and Financial Statistics (MFS), Central Bank Data.csv",2432398,f46fd6d1c34a94561d1b2ce8da060718e63b6a71c9f986f2c24fa2688ef963f0,UTF-8,True,CRLF,541,541,"{""1"": 541}",0,,469,8,461,1997-M10,2026-Q2,540,540,0,98662,0,0,"{""469"": 541}",0,0,0,[],Argentina | Bolivia | Brazil | Chile | Colombia | Ecuador | Paraguay | Peru | Uruguay,Monthly | Quarterly,,Millions | Units,"Domestic currency | Percent change, corresponding period, previous year | US dollar"
"Monetary and Financial Statistics (MFS), Depository Corporations.csv",4908681,1884d65805e31305a86a8c0036441ded78576ccc9f6519beab49f7626d724644,UTF-8,True,CRLF,1020,1020,"{""1"": 1020}",0,,469,8,461,1997-M10,2026-Q2,1019,1019,0,190028,0,0,"{""469"": 1020}",0,0,0,[],Argentina | Bolivia | Brazil | Chile | Colombia | Ecuador | Paraguay | Peru | Uruguay,Monthly | Quarterly,,Millions | Units,"Domestic currency | Percent change, corresponding period, previous year | Ratio of monetary base to broad money, percent per annum, Percent | Seasonally adjusted (SA), Domestic currency"
"Monetary and Financial Statistics (MFS), Interest Rate.csv",1204866,082ffbd0a9ed91563d7c7d7c70e94397ab6d2c13e2485f63ac8698d774216072,UTF-8,True,CRLF,149,149,"{""1"": 149}",0,,1120,7,1113,1957-M01,2026-Q2,148,148,0,37068,0,0,"{""1120"": 149}",0,0,0,[],Argentina | Bolivia | Brazil | Chile | Colombia | Ecuador | Paraguay | Peru | Uruguay,Monthly | Quarterly,,Units,
"Monetary and Financial Statistics (MFS), Monetary Aggregates.csv",307129,19923e868d4fbc7976d4067baa4f52cbab635c726aae049339a81a694bc35cb2,UTF-8,True,CRLF,81,81,"{""1"": 81}",0,,468,8,460,1997-M10,2026-Q2,80,80,0,14659,0,0,"{""468"": 81}",0,0,0,[],Argentina | Bolivia | Brazil | Chile | Colombia | Paraguay | Peru | Uruguay,Monthly | Quarterly,Domestic currency,Millions,
"Monetary and Financial Statistics (MFS), Other Depository Corporations.csv",2294624,f943d0dbca49965770a7a3a306d5164794fd9628ef8b0b88437ed7afdd7708de,UTF-8,True,CRLF,467,467,"{""1"": 467}",0,,469,8,461,1997-M10,2026-Q2,466,466,0,90673,0,0,"{""469"": 467}",0,0,0,[],Argentina | Bolivia | Brazil | Chile | Colombia | Ecuador | Paraguay | Peru | Uruguay,Monthly | Quarterly,,Millions,Domestic currency | US dollar
"National Economic Accounts (NEA), Quarterly Data.csv",968606,6c9bbaabdbe907fd8a65aadd42b1cd08c430b1ffc10423ff78079815e61487cd,UTF-8,True,CRLF,596,596,"{""1"": 596}",0,,156,10,146,1990-Q1,2026-Q2,595,595,0,29632,0,0,"{""156"": 596}",0,0,0,[],Argentina | Bolivia | Brazil | Chile | Colombia | Ecuador | Paraguay | Peru | Uruguay,Quarterly,,Units,Domestic currency | Index | US dollar
Primary Commodity Price System (PCPS).csv,9137808,88ce4c085833ca6820da094e520a8d14fe64b5dedadf42b7a90a7f84378cafb3,UTF-8,True,CRLF,853,853,"{""1"": 853}",0,,1297,8,1289,1946-M01,2026-Q2,852,852,0,209333,0,0,"{""1297"": 853}",0,0,0,[],World,Monthly | Quarterly,,Units,"Index | Index, percent change | Index, percent change from a year ago | US dollars"
"Production Indexes, World and Country Group Aggregates.csv",66507,a8b3bf57a86926614ebc8ba6eb814996ceeeb0fa2799e77f63b66c94cd2f6ebf,Windows-1252,False,CRLF,17,17,"{""9"": 17}",0,,180,40,140,2015-M01,2026-M08,16,16,0,2184,0,0,"{""180"": 17}",0,0,0,[],Advanced Economies | Emerging Market and Developing Economies | Emerging and Developing Asia | Emerging and Developing Europe | Latin America and the Caribbean (LAC) | Middle East and Central Asia | Sub-Saharan Africa (SSA) | World,Monthly,Index | Percent,,Period-over-preceding period percent change | Seasonally adjusted (SA) Index | Seasonally adjusted (SA) Period-over-preceding period percent change
"Quarterly Gross Domestic Product (GDP), World and Country Aggregates.csv",429726,5d7cc5cea78bc1795cfbcae640dd9cb56da5b05f3d3041165f8a50729624a2c8,UTF-8,True,CRLF,301,301,"{""3"": 301}",0,,98,41,57,2012-Q1,2026-Q1,300,300,0,16980,0,0,"{""98"": 301}",0,0,0,[],Advanced Economies | Africa | Americas | Asia | Emerging Market and Developing Economies | Europe | G20 | G7 | Oceania | World,Quarterly,Index | Percent,Billions | Units,"Index | Period-over-preceding period percent change | Period-over-preceding period percent change, Percent | Purchasing power parity (PPP) international dollar | Seasonally adjusted (SA), Purchasing power parity (PPP) international dollar"
Reported Social Unrest Index (RSUI).csv,80551,dc3d37ff4b7c688f669372356190fb917bfd779f86aa3d2591c91617c0a099ce,UTF-8,True,CRLF,17,17,"{""1"": 17}",0,,443,6,437,1990-M01,2026-M05,16,16,0,6992,0,0,"{""443"": 17}",0,0,0,[],Argentina | Bolivia | Brazil | Chile | Colombia | Ecuador | Paraguay | Peru,Monthly,,,
Working Paper Foreign Exchange Intervention (WPFXI) A Dataset of Public Data and Proxies.csv,522708,815b776e02a93eca6a76bab4eb243855301c65a9edccd8372edfefbac221355f,UTF-8,True,CRLF,187,187,"{""1"": 187}",0,,407,7,400,2000-M01,2024-Q4,186,186,0,34541,0,0,"{""407"": 187}",0,0,0,[],Argentina | Bolivia | Brazil | Chile | Colombia | Ecuador | Paraguay | Peru | Uruguay,Monthly | Quarterly,,,
