path,archivo,origen,url,obtenido,nota_origen,bytes,sha256,tipo,hojas,diseno,fecha_corte,fecha_por_nombre,mes,n_versiones_mes,version
raw/manual_usuario/BOLB 012011.xls,BOLB 012011.xls,manual_usuario,https://www.bcp.gov.py/en/formato-clasico,2026-09-24,descarga manual del usuario desde el navegador (el sitio bloquea clientes automáticos),1083904,288e0d39845860e69580e74d129481a6e416e890907474f7819fa4401d2a9a95,bancos,29,clasico,2011-01-31,FALSE,2011-01,1,unica
raw/manual_usuario/BOLB 022011.xls,BOLB 022011.xls,manual_usuario,https://www.bcp.gov.py/en/formato-clasico,2026-09-24,descarga manual del usuario desde el navegador (el sitio bloquea clientes automáticos),1075200,59f64f9965411adcf2922c36e8d9ff76e7b4a3e82425c06da5e3203bdc51777b,bancos,29,clasico,2011-02-28,FALSE,2011-02,1,unica
raw/manual_usuario/BOLB 032011.xls,BOLB 032011.xls,manual_usuario,https://www.bcp.gov.py/en/formato-clasico,2026-09-24,descarga manual del usuario desde el navegador (el sitio bloquea clientes automáticos),880640,0e16011001c428778b10ba31d1f023ff606594199559adadf2858d5b8ab9cf20,bancos,29,clasico,2011-03-31,FALSE,2011-03,1,unica
raw/manual_usuario/BOLB 042011.xls,BOLB 042011.xls,manual_usuario,https://www.bcp.gov.py/en/formato-clasico,2026-09-24,descarga manual del usuario desde el navegador (el sitio bloquea clientes automáticos),1192960,4805d250d68a4b7972143eb898c50b6b3d8d302d09703e2f1f3d63fb1ec940c0,bancos,34,clasico,2011-04-30,FALSE,2011-04,1,unica
raw/manual_usuario/BOLB 052011.xls,BOLB 052011.xls,manual_usuario,https://www.bcp.gov.py/en/formato-clasico,2026-09-24,descarga manual del usuario desde el navegador (el sitio bloquea clientes automáticos),1277440,f78e12237714fb194f9d9aa165f49a06ad1c1adecc9195d1cb1247bdfc8d3181,bancos,36,clasico,2011-05-31,FALSE,2011-05,1,unica
raw/manual_usuario/BOLB 062011.xls,BOLB 062011.xls,manual_usuario,https://www.bcp.gov.py/en/formato-clasico,2026-09-24,descarga manual del usuario desde el navegador (el sitio bloquea clientes automáticos),1304064,9aea566f440218b62b50c855ca0f44aa88cc251e701541d80b3425766f81e86d,bancos,37,clasico,2011-06-30,FALSE,2011-06,1,unica
raw/manual_usuario/BOLB 072011.xls,BOLB 072011.xls,manual_usuario,https://www.bcp.gov.py/en/formato-clasico,2026-09-24,descarga manual del usuario desde el navegador (el sitio bloquea clientes automáticos),1331712,c94db359646f24eb790cab54cde2fa79f1d6696b71c88e7cbc962ef778f872e2,bancos,37,clasico,2011-07-31,FALSE,2011-07,1,unica
raw/manual_usuario/BOLB 082011.xls,BOLB 082011.xls,manual_usuario,https://www.bcp.gov.py/en/formato-clasico,2026-09-24,descarga manual del usuario desde el navegador (el sitio bloquea clientes automáticos),1328640,298f6e5d40998f13f1aaa3ba40091913bfbeca42cc0090caa33fe607fce38797,bancos,37,clasico,2011-08-31,FALSE,2011-08,1,unica
raw/manual_usuario/BOLB 092011.xls,BOLB 092011.xls,manual_usuario,https://www.bcp.gov.py/en/formato-clasico,2026-09-24,descarga manual del usuario desde el navegador (el sitio bloquea clientes automáticos),1345024,761e41837c1969b52b03a5c4c3789180a9871fd262e41c1b2dd6b0e4dd0d0430,bancos,37,clasico,2011-09-30,FALSE,2011-09,1,unica
raw/manual_usuario/BOLB 102011.xls,BOLB 102011.xls,manual_usuario,https://www.bcp.gov.py/en/formato-clasico,2026-09-24,descarga manual del usuario desde el navegador (el sitio bloquea clientes automáticos),1355776,dcc5068733cb19a35de1a978572181249442a9a2f86d04fcca89ea21d1039d71,bancos,37,clasico,2011-10-31,FALSE,2011-10,1,unica
raw/manual_usuario/BOLB 112011.xls,BOLB 112011.xls,manual_usuario,https://www.bcp.gov.py/en/formato-clasico,2026-09-24,descarga manual del usuario desde el navegador (el sitio bloquea clientes automáticos),1606656,2e52a344505ccf6414787db3e226a22512e0abcab13a8747534502028181001e,bancos,40,clasico,2011-11-30,FALSE,2011-11,1,unica
raw/manual_usuario/BOLB 122011.xls,BOLB 122011.xls,manual_usuario,https://www.bcp.gov.py/en/formato-clasico,2026-09-24,descarga manual del usuario desde el navegador (el sitio bloquea clientes automáticos),1614848,1a470cf5a487cb3065b032a107f29dfa2ed74bb27ec0635a0ded8dffc3c407de,bancos,40,clasico,2011-12-31,FALSE,2011-12,1,unica
raw/manual_usuario/BOLB 012012.xls,BOLB 012012.xls,manual_usuario,https://www.bcp.gov.py/en/formato-clasico,2026-09-24,descarga manual del usuario desde el navegador (el sitio bloquea clientes automáticos),1623040,0a498668df37f31de978e55032a54e4126f9e3dbbde390036987d61f843b8dbd,bancos,40,clasico,2012-01-31,FALSE,2012-01,1,unica
raw/manual_usuario/BOLB 022012.xls,BOLB 022012.xls,manual_usuario,https://www.bcp.gov.py/en/formato-clasico,2026-09-24,descarga manual del usuario desde el navegador (el sitio bloquea clientes automáticos),1640448,d247aab6d4185ded0ad6af5d34ec078d469c5063ce705af2b1fab840474c4139,bancos,40,clasico,2012-02-29,FALSE,2012-02,1,unica
raw/manual_usuario/BOLB 032012.xls,BOLB 032012.xls,manual_usuario,https://www.bcp.gov.py/en/formato-clasico,2026-09-24,descarga manual del usuario desde el navegador (el sitio bloquea clientes automáticos),1647104,876ac7a7eadfe95cfa455ddbf13eaaf13377aa9c945fa7eea865130a187a5d2f,bancos,40,clasico,2012-03-31,FALSE,2012-03,1,unica
raw/manual_usuario/BOLB 042012.xls,BOLB 042012.xls,manual_usuario,https://www.bcp.gov.py/en/formato-clasico,2026-09-24,descarga manual del usuario desde el navegador (el sitio bloquea clientes automáticos),1475584,d75aa87d7fb677bdb0d67ba920057783b671b58675f0294f6f681677edbe09a6,bancos,40,clasico,2012-04-30,FALSE,2012-04,1,unica
raw/manual_usuario/BOLB 052012.xls,BOLB 052012.xls,manual_usuario,https://www.bcp.gov.py/en/formato-clasico,2026-09-24,descarga manual del usuario desde el navegador (el sitio bloquea clientes automáticos),1656832,1ae42a583d7666d0b95da9b93ecd7c3cb1a88ea9037a234328918c30baefd1e6,bancos,40,clasico,2012-05-31,FALSE,2012-05,1,unica
raw/manual_usuario/BOLB 062012.xls,BOLB 062012.xls,manual_usuario,https://www.bcp.gov.py/en/formato-clasico,2026-09-24,descarga manual del usuario desde el navegador (el sitio bloquea clientes automáticos),1398272,1586e0393a6e21d754e4096d82dd706597d02a3dbc880ae3b69b4876734be057,bancos,39,clasico,2012-06-30,FALSE,2012-06,1,unica
raw/manual_usuario/BOLB 072012.xls,BOLB 072012.xls,manual_usuario,https://www.bcp.gov.py/en/formato-clasico,2026-09-24,descarga manual del usuario desde el navegador (el sitio bloquea clientes automáticos),1435136,6447aeb1ce130618399c08916a27f3fce8f8f5442bb52377b4c0ac78fb118271,bancos,39,clasico,2012-07-31,FALSE,2012-07,1,unica
raw/manual_usuario/BOLB 082012.xls,BOLB 082012.xls,manual_usuario,https://www.bcp.gov.py/en/formato-clasico,2026-09-24,descarga manual del usuario desde el navegador (el sitio bloquea clientes automáticos),1494528,6725b5bb0cdcda8ec870101f6eed376f9ae3a18da57deecf9841045a0bb5d2a7,bancos,39,clasico,2012-08-31,FALSE,2012-08,1,unica
raw/manual_usuario/BOLB 092012.xls,BOLB 092012.xls,manual_usuario,https://www.bcp.gov.py/en/formato-clasico,2026-09-24,descarga manual del usuario desde el navegador (el sitio bloquea clientes automáticos),1571328,494a160c722e5a827638dfb1b37c4ef41f33f82bf00b64ee756225f331ead07d,bancos,40,clasico,2012-09-30,FALSE,2012-09,1,unica
raw/manual_usuario/BOLB 102012.xls,BOLB 102012.xls,manual_usuario,https://www.bcp.gov.py/en/formato-clasico,2026-09-24,descarga manual del usuario desde el navegador (el sitio bloquea clientes automáticos),1548800,17825de8ba12d500d39fc44bba9ff48867e8533d0ff15c62c8b6b4c8b1b3ec01,bancos,40,clasico,2012-10-31,FALSE,2012-10,1,unica
raw/manual_usuario/BOLB 112012.xls,BOLB 112012.xls,manual_usuario,https://www.bcp.gov.py/en/formato-clasico,2026-09-24,descarga manual del usuario desde el navegador (el sitio bloquea clientes automáticos),1587200,7d28a3946b57a4024c151462edca546db5b38fe14baa136dcce535f7a161f31d,bancos,42,clasico,2012-11-30,FALSE,2012-11,1,unica
raw/manual_usuario/BOLB 122012.xls,BOLB 122012.xls,manual_usuario,https://www.bcp.gov.py/en/formato-clasico,2026-09-24,descarga manual del usuario desde el navegador (el sitio bloquea clientes automáticos),1574912,add23bd3ecc84ad3e3d4e8bedfa59506565b59add29dde1e8eaa7965bd117ded,bancos,41,clasico,2012-12-31,FALSE,2012-12,1,unica
raw/manual_usuario/BOLB 012013.xls,BOLB 012013.xls,manual_usuario,https://www.bcp.gov.py/en/formato-clasico,2026-09-24,descarga manual del usuario desde el navegador (el sitio bloquea clientes automáticos),1586176,380cd67d59e79fc3a0df54d2b373a3e53d484589a4393d14e27f15da27361af9,bancos,41,clasico,2013-01-31,FALSE,2013-01,1,unica
raw/manual_usuario/BOLB 022013.xls,BOLB 022013.xls,manual_usuario,https://www.bcp.gov.py/en/formato-clasico,2026-09-24,descarga manual del usuario desde el navegador (el sitio bloquea clientes automáticos),1583104,5867878a8e7874c7c02643c418d8e6ff099fc3dc76ffdace021bc92a09054e13,bancos,41,clasico,2013-02-28,FALSE,2013-02,1,unica
raw/manual_usuario/BOLB 032013.xls,BOLB 032013.xls,manual_usuario,https://www.bcp.gov.py/en/formato-clasico,2026-09-24,descarga manual del usuario desde el navegador (el sitio bloquea clientes automáticos),1825792,494731fd8c166ca60c89c1f02f0b87ede2330323d930422dedeb931632cff265,bancos,41,clasico,2013-03-31,FALSE,2013-03,1,unica
raw/manual_usuario/BOLB 042013.xls,BOLB 042013.xls,manual_usuario,https://www.bcp.gov.py/en/formato-clasico,2026-09-24,descarga manual del usuario desde el navegador (el sitio bloquea clientes automáticos),1846784,1c905941b593d01ee59a458d13e2d3ba6cc15a90e77202ae8a08788cdf0e1560,bancos,41,clasico,2013-04-30,FALSE,2013-04,1,unica
raw/manual_usuario/BOLB 052013.xls,BOLB 052013.xls,manual_usuario,https://www.bcp.gov.py/en/formato-clasico,2026-09-24,descarga manual del usuario desde el navegador (el sitio bloquea clientes automáticos),1849344,8df9d0da8a37e7450af193bd1ba7d63e38cc47307533f5688cf1c942e6637fbe,bancos,41,clasico,2013-05-31,FALSE,2013-05,1,unica
raw/manual_usuario/BOLB 062013.xls,BOLB 062013.xls,manual_usuario,https://www.bcp.gov.py/en/formato-clasico,2026-09-24,descarga manual del usuario desde el navegador (el sitio bloquea clientes automáticos),1664512,4ead3d91982d398be4790bef7009e9aeee81b07dfe27a4377bfc114829f5eb0a,bancos,41,clasico,2013-06-30,FALSE,2013-06,1,unica
raw/manual_usuario/BOLB 072013.xls,BOLB 072013.xls,manual_usuario,https://www.bcp.gov.py/en/formato-clasico,2026-09-24,descarga manual del usuario desde el navegador (el sitio bloquea clientes automáticos),1851904,5895e8cf3bb813126ac173e3f8b129ddfd18edb509c06a24ad5e54d25989d979,bancos,41,clasico,2013-07-31,FALSE,2013-07,1,unica
raw/manual_usuario/BOLB 082013.xls,BOLB 082013.xls,manual_usuario,https://www.bcp.gov.py/en/formato-clasico,2026-09-24,descarga manual del usuario desde el navegador (el sitio bloquea clientes automáticos),1923072,be90493cdb9f69a77528c371cba664bf3a304f4362dfa45aa86932ee4b9fd50d,bancos,42,clasico,2013-08-31,FALSE,2013-08,1,unica
raw/manual_usuario/1_BOLB_09_2013_quereemplaza.xls,1_BOLB_09_2013_quereemplaza.xls,manual_usuario,https://www.bcp.gov.py/en/formato-clasico,2026-09-24,descarga manual del usuario desde el navegador (el sitio bloquea clientes automáticos),1889792,e729c4b03dce60e1cf6d30eb3133d0769ee2ea7d6261edbcbbec945b1b40fea5,bancos,42,clasico,2013-09-30,FALSE,2013-09,2,version_clasico
raw/manual_usuario/1_BOLB_092013_N.xls,1_BOLB_092013_N.xls,manual_usuario,https://www.bcp.gov.py/en/formato-clasico,2026-09-24,descarga manual del usuario desde el navegador (el sitio bloquea clientes automáticos),1219584,d5e2bb39a2e783d3dccb624b676c884df266b76411a5fca17bde14621349379f,bancos,16,nuevo,2013-09-30,FALSE,2013-09,2,version_nuevo
raw/manual_usuario/1_BOLB_102013.xls,1_BOLB_102013.xls,manual_usuario,https://www.bcp.gov.py/en/formato-clasico,2026-09-24,descarga manual del usuario desde el navegador (el sitio bloquea clientes automáticos),1681408,33c933c143d39f7b0e73bf615c56a8dccb225bc765a95280cb2a19d7c8d92a0c,bancos,41,clasico,2013-10-31,FALSE,2013-10,2,version_clasico
raw/manual_usuario/Bancos_propuesto_1013.xls,Bancos_propuesto_1013.xls,manual_usuario,https://www.bcp.gov.py/en/formato-clasico,2026-09-24,descarga manual del usuario desde el navegador (el sitio bloquea clientes automáticos),1217024,9271cd84f12fba6a0a465d0d7a636d933cd5db7cdc0cbaa7ec317d81c1b74ba1,bancos,16,nuevo,2013-10-31,FALSE,2013-10,2,version_nuevo
raw/manual_usuario/1_BOLB_ 112013.xls,1_BOLB_ 112013.xls,manual_usuario,https://www.bcp.gov.py/en/formato-clasico,2026-09-24,descarga manual del usuario desde el navegador (el sitio bloquea clientes automáticos),1775616,d1d55fc4c8392969cc812997c06575218fc5733f1ae573bc0af8d3f233ce3726,bancos,42,clasico,2013-11-30,FALSE,2013-11,2,version_clasico
raw/manual_usuario/Bancos_propuesto_1113.xls,Bancos_propuesto_1113.xls,manual_usuario,https://www.bcp.gov.py/en/formato-clasico,2026-09-24,descarga manual del usuario desde el navegador (el sitio bloquea clientes automáticos),1178112,f2e373ff0c5e5c54f679389b61063cb382a9112166dcf111cef8003d51cf29aa,bancos,16,nuevo,2013-11-30,FALSE,2013-11,2,version_nuevo
raw/manual_usuario/BANCOS.xls,BANCOS.xls,manual_usuario,https://www.bcp.gov.py/en/formato-clasico,2026-09-24,descarga manual del usuario desde el navegador (el sitio bloquea clientes automáticos),1869312,dd52a46bec11f23d2a684e94ab673340b90be4e0e24618da4d9396cc3abababc,bancos,42,clasico,2013-12-31,FALSE,2013-12,1,unica
raw/manual_usuario/1_BOLB_01_2014_03_03_16.xls,1_BOLB_01_2014_03_03_16.xls,manual_usuario,https://www.bcp.gov.py/en/formato-clasico,2026-09-24,descarga manual del usuario desde el navegador (el sitio bloquea clientes automáticos),1168384,572dcdf33f549f4b14e78412ab6f2229c40e51db25648403137319f3c68e9bf6,bancos,16,nuevo,2014-01-31,FALSE,2014-01,1,unica
raw/manual_usuario/1_BOLB_022014_set.xls,1_BOLB_022014_set.xls,manual_usuario,https://www.bcp.gov.py/en/formato-clasico,2026-09-24,descarga manual del usuario desde el navegador (el sitio bloquea clientes automáticos),1165824,52d898d1addb2b89da96188c1ef3da37a835fb33da91de52a167aca101df2422,bancos,16,nuevo,2014-02-28,FALSE,2014-02,1,unica
raw/manual_usuario/1_BOLB_032014_set.xls,1_BOLB_032014_set.xls,manual_usuario,https://www.bcp.gov.py/en/formato-clasico,2026-09-24,descarga manual del usuario desde el navegador (el sitio bloquea clientes automáticos),1169408,95160947ae23a14a059cad2c352bd1907636d91379c6b6710107fd2da12b8bcd,bancos,16,nuevo,2014-03-31,FALSE,2014-03,1,unica
raw/manual_usuario/1_BOLB_042014_set.xls,1_BOLB_042014_set.xls,manual_usuario,https://www.bcp.gov.py/en/formato-clasico,2026-09-24,descarga manual del usuario desde el navegador (el sitio bloquea clientes automáticos),1169408,f8bc2e29a4fe66c019acc1322e831db41a5a0305dc159f6000a0e5d4c8a071a9,bancos,16,nuevo,2014-04-30,FALSE,2014-04,1,unica
raw/manual_usuario/1_BOLB_052014_set.xls,1_BOLB_052014_set.xls,manual_usuario,https://www.bcp.gov.py/en/formato-clasico,2026-09-24,descarga manual del usuario desde el navegador (el sitio bloquea clientes automáticos),1175040,913ffe536077b46c68a948782dc2e8c535fbb80291146e1c8f3f0060a57b21a0,bancos,16,nuevo,2014-05-31,FALSE,2014-05,1,unica
raw/manual_usuario/1_BOLB_062014_set.xls,1_BOLB_062014_set.xls,manual_usuario,https://www.bcp.gov.py/en/formato-clasico,2026-09-24,descarga manual del usuario desde el navegador (el sitio bloquea clientes automáticos),1499648,64221ff822d7c1016e54746da3a58a3720763d07fd3bc922e5d8fcdc30cf2e20,bancos,17,nuevo,2014-06-30,FALSE,2014-06,1,unica
raw/manual_usuario/1_BOLB_072014_set.xls,1_BOLB_072014_set.xls,manual_usuario,https://www.bcp.gov.py/en/formato-clasico,2026-09-24,descarga manual del usuario desde el navegador (el sitio bloquea clientes automáticos),1495040,060fa0755deac44473e4565ac2e31021cdd2f1688cf44f67a4f1aa45db8406d3,bancos,17,nuevo,2014-07-31,FALSE,2014-07,1,unica
raw/manual_usuario/1_BOLB_082014.xls,1_BOLB_082014.xls,manual_usuario,https://www.bcp.gov.py/en/formato-clasico,2026-09-24,descarga manual del usuario desde el navegador (el sitio bloquea clientes automáticos),1514496,df4cddfd2e1490dde2100f0c9e5875fe7bb9a84567107823d0aac9647f5bae44,bancos,18,nuevo,2014-08-31,FALSE,2014-08,1,unica
raw/manual_usuario/1_BOLB_092014_041114.xls,1_BOLB_092014_041114.xls,manual_usuario,https://www.bcp.gov.py/en/formato-clasico,2026-09-24,descarga manual del usuario desde el navegador (el sitio bloquea clientes automáticos),1536000,53180445653df896c084cff502ae6b582b2cb568def1ed488d73495fe549377c,bancos,19,nuevo,2014-09-30,FALSE,2014-09,1,unica
raw/manual_usuario/1_BOLB_102014.xls,1_BOLB_102014.xls,manual_usuario,https://www.bcp.gov.py/en/formato-clasico,2026-09-24,descarga manual del usuario desde el navegador (el sitio bloquea clientes automáticos),1536000,a2d636a589d1d50b841276011c2e0b2ea00bd99e821cddabbb33c6dbe627be63,bancos,19,nuevo,2014-10-31,FALSE,2014-10,1,unica
raw/manual_usuario/1_BOLB 112014.xls,1_BOLB 112014.xls,manual_usuario,https://www.bcp.gov.py/en/formato-clasico,2026-09-24,descarga manual del usuario desde el navegador (el sitio bloquea clientes automáticos),1559552,12e217dd4f4141e782fa8cb5b0b1abe8fa7d652faa6da2d2276f09cc0c9306fd,bancos,20,nuevo,2014-11-30,FALSE,2014-11,1,unica
raw/manual_usuario/1_BOLB_122014.xls,1_BOLB_122014.xls,manual_usuario,https://www.bcp.gov.py/en/formato-clasico,2026-09-24,descarga manual del usuario desde el navegador (el sitio bloquea clientes automáticos),1564160,4dba2a30da33f377fead28556312083132d8b90b41243874fcc8c080e5bf4744,bancos,21,nuevo,2014-12-31,FALSE,2014-12,1,unica
raw/manual_usuario/1_BOLB_012015.xls,1_BOLB_012015.xls,manual_usuario,https://www.bcp.gov.py/en/formato-clasico,2026-09-24,descarga manual del usuario desde el navegador (el sitio bloquea clientes automáticos),1565184,db22fe0566b0f4404d289e7d4681eab9016c6070a6bdc20b18f80530f03d2e33,bancos,21,nuevo,2015-01-31,FALSE,2015-01,1,unica
raw/manual_usuario/1_BOLB 022015.xls,1_BOLB 022015.xls,manual_usuario,https://www.bcp.gov.py/en/formato-clasico,2026-09-24,descarga manual del usuario desde el navegador (el sitio bloquea clientes automáticos),1592832,1fa102aa892ba58a971d7f557e290ce4516da042f0fc605e438faebdadd5cefb,bancos,21,nuevo,2015-02-28,FALSE,2015-02,1,unica
raw/manual_usuario/1_BOLB_03_2015.xls,1_BOLB_03_2015.xls,manual_usuario,https://www.bcp.gov.py/en/formato-clasico,2026-09-24,descarga manual del usuario desde el navegador (el sitio bloquea clientes automáticos),1586176,407decf8f312454d2c5022bb5296ae4fca6e76b414c1ec0e1374cca05abcde50,bancos,21,nuevo,2015-03-31,FALSE,2015-03,1,unica
raw/manual_usuario/1_BOLB_042015.xls,1_BOLB_042015.xls,manual_usuario,https://www.bcp.gov.py/en/formato-clasico,2026-09-24,descarga manual del usuario desde el navegador (el sitio bloquea clientes automáticos),1588224,479e5b1824f350e4e6760936ce1b0d5c47ef5e1ea2d4b4bcbb1e39e514058ad9,bancos,21,nuevo,2015-04-30,FALSE,2015-04,1,unica
raw/manual_usuario/1_BOLB_052015.xls,1_BOLB_052015.xls,manual_usuario,https://www.bcp.gov.py/en/formato-clasico,2026-09-24,descarga manual del usuario desde el navegador (el sitio bloquea clientes automáticos),1588736,51c4b9387792e14559a82c81470b13e1d50be6fd0d13b54de0446407bbf178b6,bancos,21,nuevo,2015-05-31,FALSE,2015-05,1,unica
raw/manual_usuario/1_BOLB_062015(1).xls,1_BOLB_062015(1).xls,manual_usuario,https://www.bcp.gov.py/en/formato-clasico,2026-09-24,descarga manual del usuario desde el navegador (el sitio bloquea clientes automáticos),1592832,e643f08a8338f5089d38797c821827c2c44302abad5efa0e1dc2f5634cd00577,bancos,21,nuevo,2015-06-30,FALSE,2015-06,1,unica
raw/manual_usuario/1_BOLB_072015_vf.xls,1_BOLB_072015_vf.xls,manual_usuario,https://www.bcp.gov.py/en/formato-clasico,2026-09-24,descarga manual del usuario desde el navegador (el sitio bloquea clientes automáticos),1580032,8332a35030215a615ac128c15e88421f27075c1a44c2f0cc3d989fb8ad63e114,bancos,20,nuevo,2015-07-31,FALSE,2015-07,1,unica
raw/manual_usuario/1_BOLB_08_2015.xls,1_BOLB_08_2015.xls,manual_usuario,https://www.bcp.gov.py/en/formato-clasico,2026-09-24,descarga manual del usuario desde el navegador (el sitio bloquea clientes automáticos),1590784,0a7be8ccd730a08c20100d617c2c793ea18cf79173b37088db916ef75eb8e3c8,bancos,21,nuevo,2015-08-31,FALSE,2015-08,1,unica
raw/internet_archive/1_BOLB_092015.xls,1_BOLB_092015.xls,internet_archive,https://web.archive.org/web/20170711094118id_/https://www.bcp.gov.py/userfiles/files/1_BOLB_092015.xls,2026-09-24,"copia del sitio anterior del BCP (/userfiles/files/) en el Internet Archive, julio de 2017; el enlace actual entrega el mes anterior",1596416,639477a88e1ea3198ebb07657fe8dcadd909a7fb8216e6d4c839e130a828dff9,bancos,21,nuevo,2015-09-30,FALSE,2015-09,1,unica
raw/manual_usuario/1_BOLB_102015.xls,1_BOLB_102015.xls,manual_usuario,https://www.bcp.gov.py/en/formato-clasico,2026-09-24,descarga manual del usuario desde el navegador (el sitio bloquea clientes automáticos),1593856,de93258271259c8bb2ec7362bf75d58dbefa11ef809718aad8855659ad743b5c,bancos,21,nuevo,2015-10-31,FALSE,2015-10,1,unica
raw/manual_usuario/1_BOLB 112015.xls,1_BOLB 112015.xls,manual_usuario,https://www.bcp.gov.py/en/formato-clasico,2026-09-24,descarga manual del usuario desde el navegador (el sitio bloquea clientes automáticos),1598976,54c96f6a306b93aa4cfd189e5476ab0632f47f98195cea88a58b5ba817899005,bancos,21,nuevo,2015-11-30,FALSE,2015-11,1,unica
raw/manual_usuario/1_BOLB_122015.xls,1_BOLB_122015.xls,manual_usuario,https://www.bcp.gov.py/en/formato-clasico,2026-09-24,descarga manual del usuario desde el navegador (el sitio bloquea clientes automáticos),1593856,51d435efda73cff4c75903e95ef8080f2ca9d86c2e982f6dc38e6be0e464b114,bancos,21,nuevo,2015-12-31,FALSE,2015-12,1,unica
raw/manual_usuario/BOLCC 012011.xls,BOLCC 012011.xls,manual_usuario,https://www.bcp.gov.py/en/formato-clasico,2026-09-24,descarga manual del usuario desde el navegador (el sitio bloquea clientes automáticos),990208,4e300bb829bf70805e5653459a6253872095775a725004c46ddf1644a40f0345,casas_cambio,13,clasico,2011-01-31,FALSE,2011-01,1,unica
raw/manual_usuario/BOLCC 022011.xls,BOLCC 022011.xls,manual_usuario,https://www.bcp.gov.py/en/formato-clasico,2026-09-24,descarga manual del usuario desde el navegador (el sitio bloquea clientes automáticos),989184,3065966ef80b8963805e783fdb71868278569ff6d338f35d0335b2395943beca,casas_cambio,13,clasico,2011-02-28,FALSE,2011-02,1,unica
raw/manual_usuario/BOLCC 032011.xls,BOLCC 032011.xls,manual_usuario,https://www.bcp.gov.py/en/formato-clasico,2026-09-24,descarga manual del usuario desde el navegador (el sitio bloquea clientes automáticos),910848,e31131603cf8f5e7e4d26c0c9b38b3b6d25a244c68e73856002f54c35a586be3,casas_cambio,13,clasico,2011-03-31,FALSE,2011-03,1,unica
raw/manual_usuario/BOLCC 042011.xls,BOLCC 042011.xls,manual_usuario,https://www.bcp.gov.py/en/formato-clasico,2026-09-24,descarga manual del usuario desde el navegador (el sitio bloquea clientes automáticos),989184,8f543b834f27de49224cbfcf77cdb33f6884a44abe330ee5e71b6345ab6194bc,casas_cambio,13,clasico,2011-04-30,FALSE,2011-04,1,unica
raw/manual_usuario/BOLCC 052011.xls,BOLCC 052011.xls,manual_usuario,https://www.bcp.gov.py/en/formato-clasico,2026-09-24,descarga manual del usuario desde el navegador (el sitio bloquea clientes automáticos),989184,dcacaa2d96f16ba7d293f99e254f853f2020ae6a66a5d6f65c2ed8252981ca5b,casas_cambio,13,clasico,2011-05-31,FALSE,2011-05,1,unica
raw/manual_usuario/BOLCC 062011.xls,BOLCC 062011.xls,manual_usuario,https://www.bcp.gov.py/en/formato-clasico,2026-09-24,descarga manual del usuario desde el navegador (el sitio bloquea clientes automáticos),985600,17c8db62c12f7dff3be13acfbb82fb22f457f0febbf1f21904a256333192a9bf,casas_cambio,13,clasico,2011-06-30,FALSE,2011-06,1,unica
raw/manual_usuario/BOLCC 072011.xls,BOLCC 072011.xls,manual_usuario,https://www.bcp.gov.py/en/formato-clasico,2026-09-24,descarga manual del usuario desde el navegador (el sitio bloquea clientes automáticos),973824,e61524e796e1898f620c8bec6d773cf0f9d01464e9fb5cc2471ef1f34b39c528,casas_cambio,13,clasico,2011-07-31,FALSE,2011-07,1,unica
raw/manual_usuario/BOLCC 082011.xls,BOLCC 082011.xls,manual_usuario,https://www.bcp.gov.py/en/formato-clasico,2026-09-24,descarga manual del usuario desde el navegador (el sitio bloquea clientes automáticos),978432,e1feaca55d44321036e078e086abbcbcb6fa6a4ac803258d6d2c69dce894c773,casas_cambio,13,clasico,2011-08-31,FALSE,2011-08,1,unica
raw/manual_usuario/BOLCC 092011.xls,BOLCC 092011.xls,manual_usuario,https://www.bcp.gov.py/en/formato-clasico,2026-09-24,descarga manual del usuario desde el navegador (el sitio bloquea clientes automáticos),973312,ebcad9e9420af644686bcd19fedc3173ca48901b94185d0113e52307f410a408,casas_cambio,13,clasico,2011-09-30,FALSE,2011-09,1,unica
raw/manual_usuario/BOLCC 102011.xls,BOLCC 102011.xls,manual_usuario,https://www.bcp.gov.py/en/formato-clasico,2026-09-24,descarga manual del usuario desde el navegador (el sitio bloquea clientes automáticos),973312,dced89e938fde48157f767f690cc460054168c483178fa96d5033cba74e9b1b8,casas_cambio,13,clasico,2011-10-31,FALSE,2011-10,1,unica
raw/manual_usuario/BOLCC 112011.xls,BOLCC 112011.xls,manual_usuario,https://www.bcp.gov.py/en/formato-clasico,2026-09-24,descarga manual del usuario desde el navegador (el sitio bloquea clientes automáticos),973312,d4d83eb11e430b0937fbd2254871cb9d520dd357ef1ffbb1e9610b7b9c978920,casas_cambio,13,clasico,2011-11-30,FALSE,2011-11,1,unica
raw/manual_usuario/BOLCC 122011.xls,BOLCC 122011.xls,manual_usuario,https://www.bcp.gov.py/en/formato-clasico,2026-09-24,descarga manual del usuario desde el navegador (el sitio bloquea clientes automáticos),986112,cb98963168639048367f7beee62dba880058e42b5901b1561ed49b58914ec381,casas_cambio,13,clasico,2011-12-31,FALSE,2011-12,1,unica
raw/manual_usuario/BOLCC 012012.xls,BOLCC 012012.xls,manual_usuario,https://www.bcp.gov.py/en/formato-clasico,2026-09-24,descarga manual del usuario desde el navegador (el sitio bloquea clientes automáticos),972800,1eff26f4671f9dfa8fdb71c16e5255cdd0d224f5fa8c898361546d1335e2fb38,casas_cambio,13,clasico,2012-01-31,FALSE,2012-01,1,unica
raw/manual_usuario/BOLCC 022012.xls,BOLCC 022012.xls,manual_usuario,https://www.bcp.gov.py/en/formato-clasico,2026-09-24,descarga manual del usuario desde el navegador (el sitio bloquea clientes automáticos),973824,e20c895e22d24c7484505b15a5caccb94b5a4dd4dbb69343cd9cb0732f526156,casas_cambio,13,clasico,2012-02-29,FALSE,2012-02,1,unica
raw/manual_usuario/BOLCC 032012.xls,BOLCC 032012.xls,manual_usuario,https://www.bcp.gov.py/en/formato-clasico,2026-09-24,descarga manual del usuario desde el navegador (el sitio bloquea clientes automáticos),971264,d3879e55de3e38ded6510dd0ef06e8d961ac1136c1457d945e053adcb04af396,casas_cambio,13,clasico,2012-03-31,FALSE,2012-03,1,unica
raw/manual_usuario/BOLCC 042012.xls,BOLCC 042012.xls,manual_usuario,https://www.bcp.gov.py/en/formato-clasico,2026-09-24,descarga manual del usuario desde el navegador (el sitio bloquea clientes automáticos),975872,06143d6c909ee33c25867ad94eba0e482b841ef8f3cd903ecb8bd8dd5cf2862e,casas_cambio,13,clasico,2012-04-30,FALSE,2012-04,1,unica
raw/manual_usuario/BOLCC 052012.xls,BOLCC 052012.xls,manual_usuario,https://www.bcp.gov.py/en/formato-clasico,2026-09-24,descarga manual del usuario desde el navegador (el sitio bloquea clientes automáticos),974336,968f2aae3fd0ea53726e52b5a2ee76bbae698b35b10a97d26c3f2eb11b24f7da,casas_cambio,13,clasico,2012-05-31,FALSE,2012-05,1,unica
raw/manual_usuario/BOLCC 062012.xls,BOLCC 062012.xls,manual_usuario,https://www.bcp.gov.py/en/formato-clasico,2026-09-24,descarga manual del usuario desde el navegador (el sitio bloquea clientes automáticos),972288,82d968dfd55a3c303c1ddaa0fd9c1c736906fce24a10e315f8809ef65ec0d7d0,casas_cambio,13,clasico,2012-06-30,FALSE,2012-06,1,unica
raw/manual_usuario/BOLCC 072012.xls,BOLCC 072012.xls,manual_usuario,https://www.bcp.gov.py/en/formato-clasico,2026-09-24,descarga manual del usuario desde el navegador (el sitio bloquea clientes automáticos),985600,2b40cde4832245add43b113f441454d6bcf83787ca91aed358bea6834b5a6f58,casas_cambio,13,clasico,2012-07-31,FALSE,2012-07,1,unica
raw/manual_usuario/BOLCC 082012.xls,BOLCC 082012.xls,manual_usuario,https://www.bcp.gov.py/en/formato-clasico,2026-09-24,descarga manual del usuario desde el navegador (el sitio bloquea clientes automáticos),988672,892454358616a9d8da43107d0e652a8b282cec2339026dbb92b66180da1bd585,casas_cambio,13,clasico,2012-08-31,FALSE,2012-08,1,unica
raw/manual_usuario/BOLCC 092012.xls,BOLCC 092012.xls,manual_usuario,https://www.bcp.gov.py/en/formato-clasico,2026-09-24,descarga manual del usuario desde el navegador (el sitio bloquea clientes automáticos),1001984,7ed0cc18de3fb583a5a106bd6789f5bcd743ee8c775c278093c797b44e99401e,casas_cambio,13,clasico,2012-09-30,FALSE,2012-09,1,unica
raw/manual_usuario/BOLCC 102012.xls,BOLCC 102012.xls,manual_usuario,https://www.bcp.gov.py/en/formato-clasico,2026-09-24,descarga manual del usuario desde el navegador (el sitio bloquea clientes automáticos),966144,fb88eeb464dc0b37ad92459561283c0abd2570c313e0084f1383a79d3be05dce,casas_cambio,13,clasico,2012-10-31,FALSE,2012-10,1,unica
raw/manual_usuario/BOLCC 112012.xls,BOLCC 112012.xls,manual_usuario,https://www.bcp.gov.py/en/formato-clasico,2026-09-24,descarga manual del usuario desde el navegador (el sitio bloquea clientes automáticos),997376,8d790f3000729b72851cb8d404b7e2382ffbe9c12219d353f8c93fb9a03f75dd,casas_cambio,13,clasico,2012-11-30,FALSE,2012-11,1,unica
raw/manual_usuario/BOLCC 122012.xls,BOLCC 122012.xls,manual_usuario,https://www.bcp.gov.py/en/formato-clasico,2026-09-24,descarga manual del usuario desde el navegador (el sitio bloquea clientes automáticos),959488,1ecd8e6964835d0a658e425e29af22e91d55f5c1a4aa8d0f0c030c40d42c78f8,casas_cambio,13,clasico,2012-12-31,FALSE,2012-12,1,unica
raw/manual_usuario/BOLCC 012013.xls,BOLCC 012013.xls,manual_usuario,https://www.bcp.gov.py/en/formato-clasico,2026-09-24,descarga manual del usuario desde el navegador (el sitio bloquea clientes automáticos),1000448,ee852dc84966d2f3b3dcae6f304ccca6655b0d2f71fa75f667317674354d07de,casas_cambio,13,clasico,2013-01-31,FALSE,2013-01,1,unica
raw/manual_usuario/BOLCC 022013.xls,BOLCC 022013.xls,manual_usuario,https://www.bcp.gov.py/en/formato-clasico,2026-09-24,descarga manual del usuario desde el navegador (el sitio bloquea clientes automáticos),995328,5b562844cb9603eeb9725d6b4c4749494bea03427df64d495feacbd60654c0f0,casas_cambio,13,clasico,2013-02-28,FALSE,2013-02,1,unica
raw/manual_usuario/BOLCC 032013.xls,BOLCC 032013.xls,manual_usuario,https://www.bcp.gov.py/en/formato-clasico,2026-09-24,descarga manual del usuario desde el navegador (el sitio bloquea clientes automáticos),1010688,f19a4a0d5ca9e76a27897dc5d579bce181e31a730b445d579e40e4526d4b0135,casas_cambio,13,clasico,2013-03-31,FALSE,2013-03,1,unica
raw/manual_usuario/BOLCC 042013.xls,BOLCC 042013.xls,manual_usuario,https://www.bcp.gov.py/en/formato-clasico,2026-09-24,descarga manual del usuario desde el navegador (el sitio bloquea clientes automáticos),988672,68967d00f0dba9c55cdea43a8c46bd232d75471e303bdc4f3e9513bc8171477e,casas_cambio,13,clasico,2013-04-30,FALSE,2013-04,1,unica
raw/manual_usuario/BOLCC 052013.xls,BOLCC 052013.xls,manual_usuario,https://www.bcp.gov.py/en/formato-clasico,2026-09-24,descarga manual del usuario desde el navegador (el sitio bloquea clientes automáticos),1010688,b42d574120f6f880bf21fe04eca06740a76148d397cc4ad022be13c0d5403e60,casas_cambio,13,clasico,2013-05-31,FALSE,2013-05,1,unica
raw/manual_usuario/BOLCC 062013.xls,BOLCC 062013.xls,manual_usuario,https://www.bcp.gov.py/en/formato-clasico,2026-09-24,descarga manual del usuario desde el navegador (el sitio bloquea clientes automáticos),961536,23934cd64fcbff54eb6bb3793fb5bfbd219ca1fbfce7df405c20e28cac0042e8,casas_cambio,13,clasico,2013-06-30,FALSE,2013-06,1,unica
raw/manual_usuario/BOLCC 072013.xls,BOLCC 072013.xls,manual_usuario,https://www.bcp.gov.py/en/formato-clasico,2026-09-24,descarga manual del usuario desde el navegador (el sitio bloquea clientes automáticos),5423104,38bb5e32e1708561a52a1ca57e557cc1c240aa06c24bbfcc7c6989e621dcc488,casas_cambio,13,clasico,2013-07-31,FALSE,2013-07,1,unica
raw/manual_usuario/BOLCC 082013.xls,BOLCC 082013.xls,manual_usuario,https://www.bcp.gov.py/en/formato-clasico,2026-09-24,descarga manual del usuario desde el navegador (el sitio bloquea clientes automáticos),5616128,e9838f54753fdb6b0933d3e71cecf916c9cfc009486741e319c5980d3de20d5d,casas_cambio,15,clasico,2013-08-31,FALSE,2013-08,1,unica
raw/manual_usuario/3_BOLCC_09_2013_quereemplaza.xls,3_BOLCC_09_2013_quereemplaza.xls,manual_usuario,https://www.bcp.gov.py/en/formato-clasico,2026-09-24,descarga manual del usuario desde el navegador (el sitio bloquea clientes automáticos),5619712,ff0bc3eb524a75fdd7a066eaaafccfd74132f29e92bdf5f9b8a300b2400a9782,casas_cambio,15,clasico,2013-09-30,FALSE,2013-09,2,version_clasico
raw/manual_usuario/3_BOLCC 092013_N.xls,3_BOLCC 092013_N.xls,manual_usuario,https://www.bcp.gov.py/en/formato-clasico,2026-09-24,descarga manual del usuario desde el navegador (el sitio bloquea clientes automáticos),270848,30aa8d88c6dc3db6affb6150349e6c33530fa0f59d462377096c1e6e043f05a7,casas_cambio,4,nuevo,2013-09-30,FALSE,2013-09,2,version_nuevo
raw/manual_usuario/3_BOLCC_102013.xls,3_BOLCC_102013.xls,manual_usuario,https://www.bcp.gov.py/en/formato-clasico,2026-09-24,descarga manual del usuario desde el navegador (el sitio bloquea clientes automáticos),5527552,a339b922a8468e0d49df9ee6281b0589ad51759f40a0627e0990fc8d2711b8a3,casas_cambio,14,clasico,2013-10-31,FALSE,2013-10,2,version_clasico
raw/manual_usuario/Cambios_propuesto_1013.xls,Cambios_propuesto_1013.xls,manual_usuario,https://www.bcp.gov.py/en/formato-clasico,2026-09-24,descarga manual del usuario desde el navegador (el sitio bloquea clientes automáticos),263680,b06a7f58f03c2f9f3ea95c402e6382615d286778c0a8c21af697a1be33e70592,casas_cambio,4,nuevo,2013-10-31,FALSE,2013-10,2,version_nuevo
raw/manual_usuario/3_BOLCC_112013.xls,3_BOLCC_112013.xls,manual_usuario,https://www.bcp.gov.py/en/formato-clasico,2026-09-24,descarga manual del usuario desde el navegador (el sitio bloquea clientes automáticos),5582336,9d14a8f121d2fe9120798172c480b2fefd8cc1c117abb315936f0a456b4a35bc,casas_cambio,15,clasico,2013-11-30,FALSE,2013-11,2,version_clasico
raw/manual_usuario/Cambios_propuesto_1113.xls,Cambios_propuesto_1113.xls,manual_usuario,https://www.bcp.gov.py/en/formato-clasico,2026-09-24,descarga manual del usuario desde el navegador (el sitio bloquea clientes automáticos),263680,84018f1b8a32ca046f977ac2e08a4d274652e9b9831b5d84d562b677510237dd,casas_cambio,4,nuevo,2013-11-30,FALSE,2013-11,2,version_nuevo
raw/manual_usuario/CASAS_DE_CAMBIO.xls,CASAS_DE_CAMBIO.xls,manual_usuario,https://www.bcp.gov.py/en/formato-clasico,2026-09-24,descarga manual del usuario desde el navegador (el sitio bloquea clientes automáticos),5554176,2bb26fa159686f4c5240138a693797d33088cb1b34f89c80bc4b4711811d78fb,casas_cambio,14,clasico,2013-12-31,FALSE,2013-12,1,unica
raw/manual_usuario/3_BOLCC_012014.xls,3_BOLCC_012014.xls,manual_usuario,https://www.bcp.gov.py/en/formato-clasico,2026-09-24,descarga manual del usuario desde el navegador (el sitio bloquea clientes automáticos),270336,aa178df1dc0e9be6cd7090052e62af7cd3464c5ab824cb445b9960798fa0d6c5,casas_cambio,4,nuevo,2014-01-31,FALSE,2014-01,1,unica
raw/manual_usuario/3_BOLCC_022014.xls,3_BOLCC_022014.xls,manual_usuario,https://www.bcp.gov.py/en/formato-clasico,2026-09-24,descarga manual del usuario desde el navegador (el sitio bloquea clientes automáticos),266240,4b8672f0af12f6f7acdf3f10d4ed5b761f7be6e388b1b049b7f605c588d802ac,casas_cambio,4,nuevo,2014-02-28,FALSE,2014-02,1,unica
raw/internet_archive/3_BOLCC_032014.xls,3_BOLCC_032014.xls,internet_archive,https://web.archive.org/web/20170711080104id_/https://www.bcp.gov.py/userfiles/files/3_BOLCC_032014.xls,2026-09-24,"copia del sitio anterior del BCP (/userfiles/files/) en el Internet Archive, julio de 2017; el enlace actual entrega el mes anterior",270848,622e63536703fc4292034f8c284205dccdc989d5cd1520645f64d9377d28783c,casas_cambio,4,nuevo,2014-03-31,FALSE,2014-03,1,unica
raw/manual_usuario/3_BOLCC_04_2014.xls,3_BOLCC_04_2014.xls,manual_usuario,https://www.bcp.gov.py/en/formato-clasico,2026-09-24,descarga manual del usuario desde el navegador (el sitio bloquea clientes automáticos),266752,74bffedfff5f2d3add2000014e8aa56200eff609008bfcf4ac2f3b3e2eeb4e17,casas_cambio,4,nuevo,2014-04-30,FALSE,2014-04,1,unica
raw/manual_usuario/BOLCC_05_2014.xls,BOLCC_05_2014.xls,manual_usuario,https://www.bcp.gov.py/en/formato-clasico,2026-09-24,descarga manual del usuario desde el navegador (el sitio bloquea clientes automáticos),267776,7e853048413d3be5358a8709da90c9470dc8b43c1c01eff318884b886252bdaf,casas_cambio,4,nuevo,2014-05-31,FALSE,2014-05,1,unica
raw/manual_usuario/3_BOLCC_062014.xls,3_BOLCC_062014.xls,manual_usuario,https://www.bcp.gov.py/en/formato-clasico,2026-09-24,descarga manual del usuario desde el navegador (el sitio bloquea clientes automáticos),267264,e8c33211fdb67bab15f374c4611c95f11f23767dbad778df3d50f33eb1bcd3ea,casas_cambio,4,nuevo,2014-06-30,FALSE,2014-06,1,unica
raw/manual_usuario/3_BOLCC_072014.xls,3_BOLCC_072014.xls,manual_usuario,https://www.bcp.gov.py/en/formato-clasico,2026-09-24,descarga manual del usuario desde el navegador (el sitio bloquea clientes automáticos),266240,fb0058c431505b45d190b5108e1ad2135c0d18ea9e573a1f840c43bd5cafa412,casas_cambio,4,nuevo,2014-07-31,FALSE,2014-07,1,unica
raw/manual_usuario/3_BOLCC_082014.xls,3_BOLCC_082014.xls,manual_usuario,https://www.bcp.gov.py/en/formato-clasico,2026-09-24,descarga manual del usuario desde el navegador (el sitio bloquea clientes automáticos),274944,ec598ceee15f64773feb16874166086a99443baa9b0c48a6f0197d8412c54512,casas_cambio,4,nuevo,2014-08-31,FALSE,2014-08,1,unica
raw/manual_usuario/3_BOLCC_092014.xls,3_BOLCC_092014.xls,manual_usuario,https://www.bcp.gov.py/en/formato-clasico,2026-09-24,descarga manual del usuario desde el navegador (el sitio bloquea clientes automáticos),275968,bb87c79fcaf3cdf99be28873ab9ae98d58d84f32d69343afbff29d2463d39c4e,casas_cambio,4,nuevo,2014-09-30,FALSE,2014-09,1,unica
raw/manual_usuario/3_BOLCC_102014.xls,3_BOLCC_102014.xls,manual_usuario,https://www.bcp.gov.py/en/formato-clasico,2026-09-24,descarga manual del usuario desde el navegador (el sitio bloquea clientes automáticos),268288,c5d9df57b9e175a1b7d6be5de8188d46718a181b2c5b0818ec1a338ada2ec69b,casas_cambio,4,nuevo,2014-10-31,FALSE,2014-10,1,unica
raw/manual_usuario/3_BOLCC 112014.xls,3_BOLCC 112014.xls,manual_usuario,https://www.bcp.gov.py/en/formato-clasico,2026-09-24,descarga manual del usuario desde el navegador (el sitio bloquea clientes automáticos),274944,f4f0198b140d12e4bb137b2ff33ab2c39c5a7519bf3f5fa7bff581e1ce8b56bd,casas_cambio,4,nuevo,2014-11-30,FALSE,2014-11,1,unica
raw/manual_usuario/3_BOLCC_122014.xls,3_BOLCC_122014.xls,manual_usuario,https://www.bcp.gov.py/en/formato-clasico,2026-09-24,descarga manual del usuario desde el navegador (el sitio bloquea clientes automáticos),268800,c33b41831b07af0b90325c4238a5ac950409eeddb016bf5223053512af363813,casas_cambio,4,nuevo,2014-12-31,FALSE,2014-12,1,unica
raw/manual_usuario/3_BOLCC_012015.xls,3_BOLCC_012015.xls,manual_usuario,https://www.bcp.gov.py/en/formato-clasico,2026-09-24,descarga manual del usuario desde el navegador (el sitio bloquea clientes automáticos),268800,525972ed9412db4e5eee5b61caeb3293335ffaaca1fa8442a516eba9266a7a41,casas_cambio,4,nuevo,2015-01-31,FALSE,2015-01,1,unica
raw/manual_usuario/3_BOLCC 022015.xls,3_BOLCC 022015.xls,manual_usuario,https://www.bcp.gov.py/en/formato-clasico,2026-09-24,descarga manual del usuario desde el navegador (el sitio bloquea clientes automáticos),269824,e2e7e91d89b3d884033c10fc7f37b57f74c8bed3784d1292944dd5f396fc3988,casas_cambio,4,nuevo,2015-02-28,FALSE,2015-02,1,unica
raw/manual_usuario/3_BOLCC_032015.xls,3_BOLCC_032015.xls,manual_usuario,https://www.bcp.gov.py/en/formato-clasico,2026-09-24,descarga manual del usuario desde el navegador (el sitio bloquea clientes automáticos),274944,75a24659548a6c02af7efa81fb8d6420609899473d450f4e57c253531e2fdc87,casas_cambio,4,nuevo,2015-03-31,FALSE,2015-03,1,unica
raw/manual_usuario/3_BOLCC_042015.xls,3_BOLCC_042015.xls,manual_usuario,https://www.bcp.gov.py/en/formato-clasico,2026-09-24,descarga manual del usuario desde el navegador (el sitio bloquea clientes automáticos),274944,a1f6c97975d0dbd74edb1a6933104c7152864efc5839827a08e7c4936d3875e1,casas_cambio,4,nuevo,2015-04-30,FALSE,2015-04,1,unica
raw/manual_usuario/3_BOLCC_052015.xls,3_BOLCC_052015.xls,manual_usuario,https://www.bcp.gov.py/en/formato-clasico,2026-09-24,descarga manual del usuario desde el navegador (el sitio bloquea clientes automáticos),267264,07a98fcfd17866fba457bd5de52a7a2052f2226913bf37c565ff81453cec8d25,casas_cambio,4,nuevo,2015-05-31,FALSE,2015-05,1,unica
raw/manual_usuario/3_BOLCC_062015(1).xls,3_BOLCC_062015(1).xls,manual_usuario,https://www.bcp.gov.py/en/formato-clasico,2026-09-24,descarga manual del usuario desde el navegador (el sitio bloquea clientes automáticos),267264,db649ec2b042e1792c58b775a8650e2266610c120b1d2cdc7c8e33ee4c5e467f,casas_cambio,4,nuevo,2015-06-30,FALSE,2015-06,1,unica
raw/manual_usuario/3_BOLCC_072015.xls,3_BOLCC_072015.xls,manual_usuario,https://www.bcp.gov.py/en/formato-clasico,2026-09-24,descarga manual del usuario desde el navegador (el sitio bloquea clientes automáticos),272384,20dfe59ca306969adfdf11ee83fe595d6b651a5f54010fe26dd6c3a7c4fe2a33,casas_cambio,4,nuevo,2015-07-31,FALSE,2015-07,1,unica
raw/manual_usuario/3_BOLCC_08_2015.xls,3_BOLCC_08_2015.xls,manual_usuario,https://www.bcp.gov.py/en/formato-clasico,2026-09-24,descarga manual del usuario desde el navegador (el sitio bloquea clientes automáticos),268800,658db9d868c8baa2e1d127be105dff41446cf106c0217b0f59bcfbdbaac5e696,casas_cambio,4,nuevo,2015-08-31,FALSE,2015-08,1,unica
raw/manual_usuario/3_BOLCC_092015.xls,3_BOLCC_092015.xls,manual_usuario,https://www.bcp.gov.py/en/formato-clasico,2026-09-24,descarga manual del usuario desde el navegador (el sitio bloquea clientes automáticos),272384,2d767ce12aec1701318aae0d4da64a5e82dbae9cb6bca29f53afd7ca27ff81a0,casas_cambio,4,nuevo,2015-09-30,FALSE,2015-09,1,unica
raw/manual_usuario/3_BOLCC_102015.xls,3_BOLCC_102015.xls,manual_usuario,https://www.bcp.gov.py/en/formato-clasico,2026-09-24,descarga manual del usuario desde el navegador (el sitio bloquea clientes automáticos),268288,ff0eadb495734ad0719bf63ef474ef64e297ca2daebd671a057eb52119a3500b,casas_cambio,4,nuevo,2015-10-31,FALSE,2015-10,1,unica
raw/manual_usuario/3_BOLCC 112015.xls,3_BOLCC 112015.xls,manual_usuario,https://www.bcp.gov.py/en/formato-clasico,2026-09-24,descarga manual del usuario desde el navegador (el sitio bloquea clientes automáticos),266752,03666ad145ff2667ce521415c08f9cb4b3d7109df3bf7bb7954571f98bad413d,casas_cambio,4,nuevo,2015-11-30,FALSE,2015-11,1,unica
raw/manual_usuario/3_BOLCC_122015.xls,3_BOLCC_122015.xls,manual_usuario,https://www.bcp.gov.py/en/formato-clasico,2026-09-24,descarga manual del usuario desde el navegador (el sitio bloquea clientes automáticos),275456,21caef6602e7b4170942f8e6f35e34161cccec43715f1ee6249a8436b4dc2199,casas_cambio,4,nuevo,2015-12-31,FALSE,2015-12,1,unica
raw/manual_usuario/Ficha 012011.xls,Ficha 012011.xls,manual_usuario,https://www.bcp.gov.py/en/formato-clasico,2026-09-24,descarga manual del usuario desde el navegador (el sitio bloquea clientes automáticos),803840,8a43bd6375760a513ab07de8b142c2a1100901221fd073863ce662eaa93994e4,ficha_tecnica,6,ficha,2011-01-31,FALSE,2011-01,1,unica
raw/manual_usuario/Ficha 022011.xls,Ficha 022011.xls,manual_usuario,https://www.bcp.gov.py/en/formato-clasico,2026-09-24,descarga manual del usuario desde el navegador (el sitio bloquea clientes automáticos),827904,a46188eb859b2fb724621a44b94baba2c199b83fb48e9e8842a671e34e474bbb,ficha_tecnica,6,ficha,2011-02-28,FALSE,2011-02,1,unica
raw/manual_usuario/Ficha 032011.xls,Ficha 032011.xls,manual_usuario,https://www.bcp.gov.py/en/formato-clasico,2026-09-24,descarga manual del usuario desde el navegador (el sitio bloquea clientes automáticos),792064,df46430a41c4677dfe36bdeb160e6fb0a4331f3e591108b0bf63c308ad233d1e,ficha_tecnica,5,ficha,2011-03-31,FALSE,2011-03,1,unica
raw/manual_usuario/Ficha 042011.xls,Ficha 042011.xls,manual_usuario,https://www.bcp.gov.py/en/formato-clasico,2026-09-24,descarga manual del usuario desde el navegador (el sitio bloquea clientes automáticos),828416,880da8a160000958d3266961589f476a9a428c0e6402b2e7b8b1ab0985087c12,ficha_tecnica,6,ficha,2011-04-30,FALSE,2011-04,1,unica
raw/manual_usuario/Ficha 052011.xls,Ficha 052011.xls,manual_usuario,https://www.bcp.gov.py/en/formato-clasico,2026-09-24,descarga manual del usuario desde el navegador (el sitio bloquea clientes automáticos),896000,71cd7fc4675c4724010492e7d6c92bc377d291e2784ecd08efb70dc86247817f,ficha_tecnica,8,ficha,2011-05-31,FALSE,2011-05,1,unica
raw/manual_usuario/Ficha 062011.xls,Ficha 062011.xls,manual_usuario,https://www.bcp.gov.py/en/formato-clasico,2026-09-24,descarga manual del usuario desde el navegador (el sitio bloquea clientes automáticos),905728,59cb71b985b69cd3288d35f7c2178e7c121d4838968e36b1b21d0ff41597b21c,ficha_tecnica,8,ficha,2011-06-30,FALSE,2011-06,1,unica
raw/manual_usuario/Ficha 072011.xls,Ficha 072011.xls,manual_usuario,https://www.bcp.gov.py/en/formato-clasico,2026-09-24,descarga manual del usuario desde el navegador (el sitio bloquea clientes automáticos),903680,520bada6b3929ce6bf2a5bba122afc495f0819c5133fcd55bde17340b0d8e337,ficha_tecnica,8,ficha,2011-07-31,FALSE,2011-07,1,unica
raw/manual_usuario/Ficha 082011.xls,Ficha 082011.xls,manual_usuario,https://www.bcp.gov.py/en/formato-clasico,2026-09-24,descarga manual del usuario desde el navegador (el sitio bloquea clientes automáticos),904192,73fcb17a2c6057e54a4498210a854b2d0596fdb5624639624c40bf8c7f711920,ficha_tecnica,8,ficha,2011-08-31,FALSE,2011-08,1,unica
raw/manual_usuario/Ficha 092011.xls,Ficha 092011.xls,manual_usuario,https://www.bcp.gov.py/en/formato-clasico,2026-09-24,descarga manual del usuario desde el navegador (el sitio bloquea clientes automáticos),904192,701116728201e90bc40322b1139b038dfe8d286b6499598c005036b2bc6e08a4,ficha_tecnica,8,ficha,2011-09-30,FALSE,2011-09,1,unica
raw/manual_usuario/Ficha 102011.xls,Ficha 102011.xls,manual_usuario,https://www.bcp.gov.py/en/formato-clasico,2026-09-24,descarga manual del usuario desde el navegador (el sitio bloquea clientes automáticos),904192,5f4efec4118a3e1b235dc7148f0411c66a69f7ca88e4d872b61ef0ca59887dc2,ficha_tecnica,8,ficha,2011-10-31,FALSE,2011-10,1,unica
raw/manual_usuario/Ficha 112011.xls,Ficha 112011.xls,manual_usuario,https://www.bcp.gov.py/en/formato-clasico,2026-09-24,descarga manual del usuario desde el navegador (el sitio bloquea clientes automáticos),904704,d59852e3dc5e9c832bef1bd9a865d0a2c741076c8e7f8d8de370eaaa1f591b58,ficha_tecnica,8,ficha,2011-11-30,FALSE,2011-11,1,unica
raw/manual_usuario/Ficha 122011.xls,Ficha 122011.xls,manual_usuario,https://www.bcp.gov.py/en/formato-clasico,2026-09-24,descarga manual del usuario desde el navegador (el sitio bloquea clientes automáticos),904192,5a4a1549b3028ba4f39fdf0dfa74daed1815850db3d01e97d6700c619dffc5e5,ficha_tecnica,8,ficha,2011-12-31,FALSE,2011-12,1,unica
raw/manual_usuario/Ficha 012012.xls,Ficha 012012.xls,manual_usuario,https://www.bcp.gov.py/en/formato-clasico,2026-09-24,descarga manual del usuario desde el navegador (el sitio bloquea clientes automáticos),904192,ebb228e86eb8dceb1fcbfda6e42ecfb17a1b14a5eae1c77b3373ea2d6a2285bf,ficha_tecnica,8,ficha,2012-01-31,FALSE,2012-01,1,unica
raw/manual_usuario/Ficha 022012.xls,Ficha 022012.xls,manual_usuario,https://www.bcp.gov.py/en/formato-clasico,2026-09-24,descarga manual del usuario desde el navegador (el sitio bloquea clientes automáticos),904704,17932a8ded71a4cafe90e3117f131ceec9e1487557b10e71e02515a0217f1e74,ficha_tecnica,8,ficha,2012-02-29,FALSE,2012-02,1,unica
raw/manual_usuario/Ficha 032012.xls,Ficha 032012.xls,manual_usuario,https://www.bcp.gov.py/en/formato-clasico,2026-09-24,descarga manual del usuario desde el navegador (el sitio bloquea clientes automáticos),906752,6355388b76639dee2b4214988e6ae86999c221403558aa431a4d4b635266bb8a,ficha_tecnica,8,ficha,2012-03-31,FALSE,2012-03,1,unica
raw/manual_usuario/Ficha 042012.xls,Ficha 042012.xls,manual_usuario,https://www.bcp.gov.py/en/formato-clasico,2026-09-24,descarga manual del usuario desde el navegador (el sitio bloquea clientes automáticos),905216,1397e7e9caf7e2118eada45c58b32800d3e0e430d31bd0f711cf16257ef039b0,ficha_tecnica,8,ficha,2012-04-30,FALSE,2012-04,1,unica
raw/manual_usuario/Ficha 052012.xls,Ficha 052012.xls,manual_usuario,https://www.bcp.gov.py/en/formato-clasico,2026-09-24,descarga manual del usuario desde el navegador (el sitio bloquea clientes automáticos),905216,637295cc2f7e2ae58ae4d922169b33edf511046e909cb6510d9df0b87c2daf1a,ficha_tecnica,8,ficha,2012-05-31,FALSE,2012-05,1,unica
raw/manual_usuario/Ficha 062012.xls,Ficha 062012.xls,manual_usuario,https://www.bcp.gov.py/en/formato-clasico,2026-09-24,descarga manual del usuario desde el navegador (el sitio bloquea clientes automáticos),905728,7454176899efd414a1386c53d6887940af0ac22a53612067f408eda7f3ac1300,ficha_tecnica,8,ficha,2012-06-30,FALSE,2012-06,1,unica
raw/manual_usuario/Ficha 072012.xls,Ficha 072012.xls,manual_usuario,https://www.bcp.gov.py/en/formato-clasico,2026-09-24,descarga manual del usuario desde el navegador (el sitio bloquea clientes automáticos),913920,ba4f66eaa999c10dad1ce1bb41d6587c549a7443f5ded63439773c9b5ac89fee,ficha_tecnica,8,ficha,2012-07-31,FALSE,2012-07,1,unica
raw/manual_usuario/Ficha 082012.xls,Ficha 082012.xls,manual_usuario,https://www.bcp.gov.py/en/formato-clasico,2026-09-24,descarga manual del usuario desde el navegador (el sitio bloquea clientes automáticos),915456,0b5cabe8a48f12fe8fb4e37dfbce40c519b79132e6c2db8813f51d953ba586cd,ficha_tecnica,8,ficha,2012-08-31,FALSE,2012-08,1,unica
raw/manual_usuario/Ficha 092012.xls,Ficha 092012.xls,manual_usuario,https://www.bcp.gov.py/en/formato-clasico,2026-09-24,descarga manual del usuario desde el navegador (el sitio bloquea clientes automáticos),906752,4634497279b40bb66c880142efdf6a3a93b2804a5ac49febf75e58e86b53bcd0,ficha_tecnica,8,ficha,2012-09-30,FALSE,2012-09,1,unica
raw/manual_usuario/Ficha 102012.xls,Ficha 102012.xls,manual_usuario,https://www.bcp.gov.py/en/formato-clasico,2026-09-24,descarga manual del usuario desde el navegador (el sitio bloquea clientes automáticos),906240,31646c587e22f756f8debce1e273098e16f32bdfdaf1f4611748bbcc04c0a428,ficha_tecnica,8,ficha,2012-10-31,FALSE,2012-10,1,unica
raw/manual_usuario/Ficha 112012.xls,Ficha 112012.xls,manual_usuario,https://www.bcp.gov.py/en/formato-clasico,2026-09-24,descarga manual del usuario desde el navegador (el sitio bloquea clientes automáticos),903168,58bb3b05826d7bc8ab52ce6bcff38611f6aa1d6b6af3f3f15155c2240aeca1b3,ficha_tecnica,8,ficha,2012-11-30,FALSE,2012-11,1,unica
raw/manual_usuario/Ficha 122012.xls,Ficha 122012.xls,manual_usuario,https://www.bcp.gov.py/en/formato-clasico,2026-09-24,descarga manual del usuario desde el navegador (el sitio bloquea clientes automáticos),898560,e623fd35bdb0a4d04d9cbb32ebff7343452a0a15e2ce6aa03956ccd944e2ab81,ficha_tecnica,8,ficha,2012-12-31,FALSE,2012-12,1,unica
raw/manual_usuario/Ficha 012013.xls,Ficha 012013.xls,manual_usuario,https://www.bcp.gov.py/en/formato-clasico,2026-09-24,descarga manual del usuario desde el navegador (el sitio bloquea clientes automáticos),912384,5777d4f63c69e2bee81778c02c6b3dd64b4a0271ec7a18f5178778ae54bc1950,ficha_tecnica,8,ficha,2013-01-31,FALSE,2013-01,1,unica
raw/manual_usuario/Ficha 022013.xls,Ficha 022013.xls,manual_usuario,https://www.bcp.gov.py/en/formato-clasico,2026-09-24,descarga manual del usuario desde el navegador (el sitio bloquea clientes automáticos),912384,bed0b2f112f86ebeb191083d78502ae73a8c1f3edc80f81587180fe3c06c9777,ficha_tecnica,8,ficha,2013-02-28,FALSE,2013-02,1,unica
raw/manual_usuario/Ficha 032013.xlsx,Ficha 032013.xlsx,manual_usuario,https://www.bcp.gov.py/en/formato-clasico,2026-09-24,descarga manual del usuario desde el navegador (el sitio bloquea clientes automáticos),210308,d71d6ec1a42ca56a3e6e87b3034d550eec7e52dcef6b0d605f82436997a10daa,ficha_tecnica,4,ficha,2013-03-31,FALSE,2013-03,1,unica
raw/manual_usuario/Ficha 042013.xlsx,Ficha 042013.xlsx,manual_usuario,https://www.bcp.gov.py/en/formato-clasico,2026-09-24,descarga manual del usuario desde el navegador (el sitio bloquea clientes automáticos),209867,ea7a6626a6b0491c4bc281accd2bcb72a651d5d44a4a7e927e60bcd75eae7b73,ficha_tecnica,4,ficha,2013-04-30,FALSE,2013-04,1,unica
raw/manual_usuario/Ficha 052013.xlsx,Ficha 052013.xlsx,manual_usuario,https://www.bcp.gov.py/en/formato-clasico,2026-09-24,descarga manual del usuario desde el navegador (el sitio bloquea clientes automáticos),211129,5e3fc34d57ca088eea15cfd787452fee44a2b53a0102ae7cfd10c8ba614a0288,ficha_tecnica,4,ficha,2013-05-31,FALSE,2013-05,1,unica
raw/manual_usuario/Ficha 062013.xlsx,Ficha 062013.xlsx,manual_usuario,https://www.bcp.gov.py/en/formato-clasico,2026-09-24,descarga manual del usuario desde el navegador (el sitio bloquea clientes automáticos),211251,342b19914e17e622187cd4e92cc4f8948b8ff67ff742298fc0f44b22a1e10b10,ficha_tecnica,4,ficha,2013-06-30,FALSE,2013-06,1,unica
raw/manual_usuario/Ficha 072013.xlsx,Ficha 072013.xlsx,manual_usuario,https://www.bcp.gov.py/en/formato-clasico,2026-09-24,descarga manual del usuario desde el navegador (el sitio bloquea clientes automáticos),60163,89c80088667e522a61b99b2bccb784e3e4dfe0d3bed6dbb668299ed67512a67c,ficha_tecnica,4,ficha,2013-07-31,FALSE,2013-07,1,unica
raw/manual_usuario/Ficha 082013.xlsx,Ficha 082013.xlsx,manual_usuario,https://www.bcp.gov.py/en/formato-clasico,2026-09-24,descarga manual del usuario desde el navegador (el sitio bloquea clientes automáticos),98946,0ba14abfcd4d40c7eaa6ba58b3ba94d0284a730dbf618fa43ea895a9e1721db1,ficha_tecnica,4,ficha,2013-08-31,FALSE,2013-08,1,unica
raw/manual_usuario/5_Otros_Datos_09_2013_quereemplaza.xlsx,5_Otros_Datos_09_2013_quereemplaza.xlsx,manual_usuario,https://www.bcp.gov.py/en/formato-clasico,2026-09-24,descarga manual del usuario desde el navegador (el sitio bloquea clientes automáticos),59298,979dbd859897764efa99ad7631c8d71c46bd63535cae717ce42585544e655265,ficha_tecnica,4,ficha,2013-09-30,FALSE,2013-09,1,unica
raw/manual_usuario/Otros_Datos_102013.xlsx,Otros_Datos_102013.xlsx,manual_usuario,https://www.bcp.gov.py/en/formato-clasico,2026-09-24,descarga manual del usuario desde el navegador (el sitio bloquea clientes automáticos),58608,bb0d6306089ad2273a92306d7a1f38a7df16a5f234d58de244de16da474b8b01,ficha_tecnica,4,ficha,2013-10-31,FALSE,2013-10,1,unica
raw/manual_usuario/5_Otros_Datos_1113 (1).xlsx,5_Otros_Datos_1113 (1).xlsx,manual_usuario,https://www.bcp.gov.py/en/formato-clasico,2026-09-24,descarga manual del usuario desde el navegador (el sitio bloquea clientes automáticos),59957,e22a66214a2290003ad4604ce33aeddb3223977a795835894ca1b803573af48b,ficha_tecnica,4,ficha,2013-11-30,FALSE,2013-11,1,unica
raw/manual_usuario/OTROS_DATOS.xlsx,OTROS_DATOS.xlsx,manual_usuario,https://www.bcp.gov.py/en/formato-clasico,2026-09-24,descarga manual del usuario desde el navegador (el sitio bloquea clientes automáticos),58376,2c91240493916a156a4446a24e3fce7b0f7105dc2c227e1a4ae3a1a17cde66cd,ficha_tecnica,4,ficha,2013-12-31,FALSE,2013-12,1,unica
raw/manual_usuario/BOLF 012011.xls,BOLF 012011.xls,manual_usuario,https://www.bcp.gov.py/en/formato-clasico,2026-09-24,descarga manual del usuario desde el navegador (el sitio bloquea clientes automáticos),759808,c77eee6c3ce8198414fea66cf933ed53bc3c8eeaa43650958c04dad0efad6220,financieras,28,clasico,2011-01-31,FALSE,2011-01,1,unica
raw/manual_usuario/BOLF 022011.xls,BOLF 022011.xls,manual_usuario,https://www.bcp.gov.py/en/formato-clasico,2026-09-24,descarga manual del usuario desde el navegador (el sitio bloquea clientes automáticos),756736,48b527a2aefa30e61dc44c7edcd5b739725f08b632b82ef230136475b538b4b9,financieras,28,clasico,2011-02-28,FALSE,2011-02,1,unica
raw/manual_usuario/BOLF 032011.xls,BOLF 032011.xls,manual_usuario,https://www.bcp.gov.py/en/formato-clasico,2026-09-24,descarga manual del usuario desde el navegador (el sitio bloquea clientes automáticos),569344,f27f65f46c85474693fd3f88075afee085b5f6729b1e7ecfb6d60df6048024f3,financieras,28,clasico,2011-03-31,FALSE,2011-03,1,unica
raw/manual_usuario/BOLF 042011.xls,BOLF 042011.xls,manual_usuario,https://www.bcp.gov.py/en/formato-clasico,2026-09-24,descarga manual del usuario desde el navegador (el sitio bloquea clientes automáticos),875520,faf8a6b6ccec0ceec3fae068271d22cd77795ca96360a31ebcd200dc74ae2da9,financieras,34,clasico,2011-04-30,FALSE,2011-04,1,unica
raw/manual_usuario/BOLF 052011.xls,BOLF 052011.xls,manual_usuario,https://www.bcp.gov.py/en/formato-clasico,2026-09-24,descarga manual del usuario desde el navegador (el sitio bloquea clientes automáticos),937472,3e6708a428ed92cc8a3f8419ccbb1dc6aa1ffeec863d6745aa054b10a4189053,financieras,34,clasico,2011-05-31,FALSE,2011-05,1,unica
raw/manual_usuario/BOLF 062011.xls,BOLF 062011.xls,manual_usuario,https://www.bcp.gov.py/en/formato-clasico,2026-09-24,descarga manual del usuario desde el navegador (el sitio bloquea clientes automáticos),954368,539023c90f372599e9507e2774b3aba2379796d9e884edfb451466f41a291e3d,financieras,37,clasico,2011-06-30,FALSE,2011-06,1,unica
raw/manual_usuario/BOLF 072011.xls,BOLF 072011.xls,manual_usuario,https://www.bcp.gov.py/en/formato-clasico,2026-09-24,descarga manual del usuario desde el navegador (el sitio bloquea clientes automáticos),984576,a386662da9713220f114ce67bf4c64a79c2b4089fb0160b4c6c321d3bd30ea28,financieras,36,clasico,2011-07-31,FALSE,2011-07,1,unica
raw/manual_usuario/BOLF 082011.xls,BOLF 082011.xls,manual_usuario,https://www.bcp.gov.py/en/formato-clasico,2026-09-24,descarga manual del usuario desde el navegador (el sitio bloquea clientes automáticos),980480,f48ca9b700c47d30e868f9b720b7af56af80c05840b89aed503eb1a58e087834,financieras,36,clasico,2011-08-31,FALSE,2011-08,1,unica
raw/manual_usuario/BOLF 092011.xls,BOLF 092011.xls,manual_usuario,https://www.bcp.gov.py/en/formato-clasico,2026-09-24,descarga manual del usuario desde el navegador (el sitio bloquea clientes automáticos),983552,45251453c6e31178244e0f9eeb10354c6df410d73daa769271a6cdebd15a5f42,financieras,36,clasico,2011-09-30,FALSE,2011-09,1,unica
raw/manual_usuario/BOLF 102011.xls,BOLF 102011.xls,manual_usuario,https://www.bcp.gov.py/en/formato-clasico,2026-09-24,descarga manual del usuario desde el navegador (el sitio bloquea clientes automáticos),989696,48d31df9370d992a7a3253f9d75b4b249665913b3ea848c48e4ba00328c629f4,financieras,36,clasico,2011-10-31,FALSE,2011-10,1,unica
raw/manual_usuario/BOLF 112011.xls,BOLF 112011.xls,manual_usuario,https://www.bcp.gov.py/en/formato-clasico,2026-09-24,descarga manual del usuario desde el navegador (el sitio bloquea clientes automáticos),1256960,8ed63de8dfd72d713126431e5fce32ff3556086d4299eb2e7609b7777c1bc196,financieras,39,clasico,2011-11-30,FALSE,2011-11,1,unica
raw/manual_usuario/BOLF 122011.xls,BOLF 122011.xls,manual_usuario,https://www.bcp.gov.py/en/formato-clasico,2026-09-24,descarga manual del usuario desde el navegador (el sitio bloquea clientes automáticos),1253888,eecdbf495e03e1873e2f114ec15cdf2cb6266fd52d66b97c3205a41ae289a29a,financieras,39,clasico,2011-12-31,FALSE,2011-12,1,unica
raw/manual_usuario/BOLF 012012.xls,BOLF 012012.xls,manual_usuario,https://www.bcp.gov.py/en/formato-clasico,2026-09-24,descarga manual del usuario desde el navegador (el sitio bloquea clientes automáticos),1244672,8ea5b22544ec8eaa8a1ab1d564e2cf99c73b8de82b420b7f909f411723e908a6,financieras,39,clasico,2012-01-31,FALSE,2012-01,1,unica
raw/manual_usuario/BOLF 022012.xls,BOLF 022012.xls,manual_usuario,https://www.bcp.gov.py/en/formato-clasico,2026-09-24,descarga manual del usuario desde el navegador (el sitio bloquea clientes automáticos),1252864,06a559f6c8c6c90429331ccd84920a5199957ee42f631c877b135e4ad74f8ed0,financieras,39,clasico,2012-02-29,FALSE,2012-02,1,unica
raw/manual_usuario/BOLF 032012.xls,BOLF 032012.xls,manual_usuario,https://www.bcp.gov.py/en/formato-clasico,2026-09-24,descarga manual del usuario desde el navegador (el sitio bloquea clientes automáticos),1285120,5cb2d34bca4477e79ea17d9d82fd7cbd9c03115a06c5a756d01599fd7f5b75e6,financieras,39,clasico,2012-03-31,FALSE,2012-03,1,unica
raw/manual_usuario/BOLF 042012.xls,BOLF 042012.xls,manual_usuario,https://www.bcp.gov.py/en/formato-clasico,2026-09-24,descarga manual del usuario desde el navegador (el sitio bloquea clientes automáticos),1282560,fa43fc986a57dbbeab5fe18000619d3d5c066bca48931cf9e3f0a778bab8f3ef,financieras,39,clasico,2012-04-30,FALSE,2012-04,1,unica
raw/manual_usuario/BOLF 052012.xls,BOLF 052012.xls,manual_usuario,https://www.bcp.gov.py/en/formato-clasico,2026-09-24,descarga manual del usuario desde el navegador (el sitio bloquea clientes automáticos),1284608,e18d6c1740b964185f51832f7ef66bf8e0521a69d624d970ef7b0a49ec3db521,financieras,39,clasico,2012-05-31,FALSE,2012-05,1,unica
raw/manual_usuario/BOLF 062012.xls,BOLF 062012.xls,manual_usuario,https://www.bcp.gov.py/en/formato-clasico,2026-09-24,descarga manual del usuario desde el navegador (el sitio bloquea clientes automáticos),1026560,6f7613b9babb87f2f1ac073bf357cb0a0a68a4405fa8cd9986fd6a58ad1ef512,financieras,38,clasico,2012-06-30,TRUE,2012-06,1,unica
raw/manual_usuario/BOLF 072012.xls,BOLF 072012.xls,manual_usuario,https://www.bcp.gov.py/en/formato-clasico,2026-09-24,descarga manual del usuario desde el navegador (el sitio bloquea clientes automáticos),1057280,5ac72925bf76c3589c13a1cd28922e4587d54d5b4ba7cb35455bad307f5f0874,financieras,38,clasico,2012-07-31,FALSE,2012-07,1,unica
raw/manual_usuario/BOLF 082012.xls,BOLF 082012.xls,manual_usuario,https://www.bcp.gov.py/en/formato-clasico,2026-09-24,descarga manual del usuario desde el navegador (el sitio bloquea clientes automáticos),1055232,bd723478b7dd740b8cf25c5a5454197eae83924c5d50a7ae4262b9a1ed0b6611,financieras,38,clasico,2012-08-31,FALSE,2012-08,1,unica
raw/manual_usuario/BOLF 092012.xls,BOLF 092012.xls,manual_usuario,https://www.bcp.gov.py/en/formato-clasico,2026-09-24,descarga manual del usuario desde el navegador (el sitio bloquea clientes automáticos),1138688,97f44faf70a2c78c1eb3aa817e69d07c9092b3360bfdf163cdfb802a383aa169,financieras,39,clasico,2012-09-30,FALSE,2012-09,1,unica
raw/manual_usuario/BOLF 102012.xls,BOLF 102012.xls,manual_usuario,https://www.bcp.gov.py/en/formato-clasico,2026-09-24,descarga manual del usuario desde el navegador (el sitio bloquea clientes automáticos),1123840,9481603fb1d1fd372fa9c54b7cea12242572003992d68a66368fb77655990e61,financieras,39,clasico,2012-10-31,FALSE,2012-10,1,unica
raw/manual_usuario/BOLF 112012.xls,BOLF 112012.xls,manual_usuario,https://www.bcp.gov.py/en/formato-clasico,2026-09-24,descarga manual del usuario desde el navegador (el sitio bloquea clientes automáticos),1163264,d7403ebe30b4758df58c701043916a3d264e631d5cb994ceb3c988c194e70ee6,financieras,41,clasico,2012-11-30,FALSE,2012-11,1,unica
raw/manual_usuario/BOLF 122012.xls,BOLF 122012.xls,manual_usuario,https://www.bcp.gov.py/en/formato-clasico,2026-09-24,descarga manual del usuario desde el navegador (el sitio bloquea clientes automáticos),1147904,677fa0d7bbb36dbdc69d1edd2569ba703b2e61c064aa281468bf75c1117b1c30,financieras,40,clasico,2012-12-31,FALSE,2012-12,1,unica
raw/manual_usuario/BOLF 012013.xls,BOLF 012013.xls,manual_usuario,https://www.bcp.gov.py/en/formato-clasico,2026-09-24,descarga manual del usuario desde el navegador (el sitio bloquea clientes automáticos),1150464,5a0176ea402f2d0214cc163ba1efd1fa64ec7de5c45cae865333afe541be18d2,financieras,40,clasico,2013-01-31,FALSE,2013-01,1,unica
raw/manual_usuario/BOLF 022013.xls,BOLF 022013.xls,manual_usuario,https://www.bcp.gov.py/en/formato-clasico,2026-09-24,descarga manual del usuario desde el navegador (el sitio bloquea clientes automáticos),1148416,fe5ff8cf763d94390477ec7dec5cec2e863ea9083dd2b5777d45f73fcf0b9e92,financieras,40,clasico,2013-02-28,FALSE,2013-02,1,unica
raw/manual_usuario/BOLF 032013.xls,BOLF 032013.xls,manual_usuario,https://www.bcp.gov.py/en/formato-clasico,2026-09-24,descarga manual del usuario desde el navegador (el sitio bloquea clientes automáticos),1164288,3bcde03e93ee130cd5920d1a5b31c97d49a0a4b42582f96bf928e3f29a0b5281,financieras,40,clasico,2013-03-31,FALSE,2013-03,1,unica
raw/manual_usuario/BOLF 042013.xls,BOLF 042013.xls,manual_usuario,https://www.bcp.gov.py/en/formato-clasico,2026-09-24,descarga manual del usuario desde el navegador (el sitio bloquea clientes automáticos),1061888,8b8327ce423c0fa4b2ce3185b49e3b788a74900c0486b6c8305e06ead4ad4d8e,financieras,40,clasico,2013-04-30,FALSE,2013-04,1,unica
raw/manual_usuario/BOLF 052013.xls,BOLF 052013.xls,manual_usuario,https://www.bcp.gov.py/en/formato-clasico,2026-09-24,descarga manual del usuario desde el navegador (el sitio bloquea clientes automáticos),1184768,376155998f0bc28433913acefd2eb13484199732536492ec1c9855cd57ecea55,financieras,40,clasico,2013-05-31,FALSE,2013-05,1,unica
raw/manual_usuario/BOLF 062013.xls,BOLF 062013.xls,manual_usuario,https://www.bcp.gov.py/en/formato-clasico,2026-09-24,descarga manual del usuario desde el navegador (el sitio bloquea clientes automáticos),1008128,90e157daf7484a16e7a68608d00041bf318fd8fa85b8abd1f17b45cdb6a51c2e,financieras,40,clasico,2013-06-30,FALSE,2013-06,1,unica
raw/manual_usuario/BOLF 072013.xls,BOLF 072013.xls,manual_usuario,https://www.bcp.gov.py/en/formato-clasico,2026-09-24,descarga manual del usuario desde el navegador (el sitio bloquea clientes automáticos),3065856,a43bc54dcd60c27547756381d961466987c9d847780342f4be0d123dba5f6453,financieras,40,clasico,2013-07-31,FALSE,2013-07,1,unica
raw/manual_usuario/BOLF 082013.xls,BOLF 082013.xls,manual_usuario,https://www.bcp.gov.py/en/formato-clasico,2026-09-24,descarga manual del usuario desde el navegador (el sitio bloquea clientes automáticos),3123200,925c8462f6696f93567aa07985681c41ae58a50e81dced73ed80522d1cc10241,financieras,41,clasico,2013-08-31,FALSE,2013-08,1,unica
raw/manual_usuario/2_BOLF_09_2013_quereemplaza.xls,2_BOLF_09_2013_quereemplaza.xls,manual_usuario,https://www.bcp.gov.py/en/formato-clasico,2026-09-24,descarga manual del usuario desde el navegador (el sitio bloquea clientes automáticos),3138048,de6be4ae77aefd300b7e26cff723d64bbaf6ee3d832e12f2069297cf008c0322,financieras,41,clasico,2013-09-30,FALSE,2013-09,2,version_clasico
raw/manual_usuario/2_BOLF 092013_N(1).xls,2_BOLF 092013_N(1).xls,manual_usuario,https://www.bcp.gov.py/en/formato-clasico,2026-09-24,descarga manual del usuario desde el navegador (el sitio bloquea clientes automáticos),714240,4d0c7b79afd8f59859eafb4f45f66eb66bf02f5c3b6d9a964f9130dcf1ab00b9,financieras,17,nuevo,2013-09-30,FALSE,2013-09,2,version_nuevo
raw/manual_usuario/2_BOLF_102013.xls,2_BOLF_102013.xls,manual_usuario,https://www.bcp.gov.py/en/formato-clasico,2026-09-24,descarga manual del usuario desde el navegador (el sitio bloquea clientes automáticos),2921472,a6a52400df27d187b4f115731fab890e4a8a4848fdca12dceb53877a9ff4e5be,financieras,40,clasico,2013-10-31,FALSE,2013-10,2,version_clasico
raw/manual_usuario/2_BOLF102013_N.xls,2_BOLF102013_N.xls,manual_usuario,https://www.bcp.gov.py/en/formato-clasico,2026-09-24,descarga manual del usuario desde el navegador (el sitio bloquea clientes automáticos),665600,e87de2dcf146871d0084cd3a8a541d3bd2d3c3fad544fd383e10dd65681d131f,financieras,17,nuevo,2013-10-31,FALSE,2013-10,2,version_nuevo
raw/manual_usuario/2_BOLF_112013.xls,2_BOLF_112013.xls,manual_usuario,https://www.bcp.gov.py/en/formato-clasico,2026-09-24,descarga manual del usuario desde el navegador (el sitio bloquea clientes automáticos),3043328,5ecb5a43016c07df80d673cedc3ce17b26078545e758d1f6696f34c7ca55c4b6,financieras,41,clasico,2013-11-30,FALSE,2013-11,2,version_clasico
raw/manual_usuario/2_BOLF112013_N.xls,2_BOLF112013_N.xls,manual_usuario,https://www.bcp.gov.py/en/formato-clasico,2026-09-24,descarga manual del usuario desde el navegador (el sitio bloquea clientes automáticos),691200,912967b590e4cdf8d625bcc610b8702f99195a1e29a173de118a339d2472d7e5,financieras,17,nuevo,2013-11-30,FALSE,2013-11,2,version_nuevo
raw/manual_usuario/FINANCIERAS.xls,FINANCIERAS.xls,manual_usuario,https://www.bcp.gov.py/en/formato-clasico,2026-09-24,descarga manual del usuario desde el navegador (el sitio bloquea clientes automáticos),3036672,db585642b610b22c229bb041bb2ae7a42804d70d35329226b2f75c22c572fa84,financieras,41,clasico,2013-12-31,FALSE,2013-12,1,unica
raw/manual_usuario/2_BOLF_012014_oct.xls,2_BOLF_012014_oct.xls,manual_usuario,https://www.bcp.gov.py/en/formato-clasico,2026-09-24,descarga manual del usuario desde el navegador (el sitio bloquea clientes automáticos),663552,b108c08fd61cb37a180e0e79a15fd392c669d80d002f09446ef99ca39afd75bd,financieras,17,nuevo,2014-01-31,FALSE,2014-01,1,unica
raw/manual_usuario/2_BOLF_022014_oct.xls,2_BOLF_022014_oct.xls,manual_usuario,https://www.bcp.gov.py/en/formato-clasico,2026-09-24,descarga manual del usuario desde el navegador (el sitio bloquea clientes automáticos),660480,f44b33ff0f81c7109f713e15187718efd8030076f131b2ba9ba5365a991b4db3,financieras,17,nuevo,2014-02-28,FALSE,2014-02,1,unica
raw/manual_usuario/2_BOLF_032014(1).xls,2_BOLF_032014(1).xls,manual_usuario,https://www.bcp.gov.py/en/formato-clasico,2026-09-24,descarga manual del usuario desde el navegador (el sitio bloquea clientes automáticos),664064,9b9b838c67d922bbbe685eccebbaefe2c1331d1c567353dfff149fe35d8c7dce,financieras,17,nuevo,2014-03-31,FALSE,2014-03,1,unica
raw/manual_usuario/2_BOLF_042014_oct.xls,2_BOLF_042014_oct.xls,manual_usuario,https://www.bcp.gov.py/en/formato-clasico,2026-09-24,descarga manual del usuario desde el navegador (el sitio bloquea clientes automáticos),670208,26d2a6455efd78d0c09048a63ff5029c270c4121acee596dd9e0568bc1dda1e9,financieras,17,nuevo,2014-04-30,FALSE,2014-04,1,unica
raw/manual_usuario/2_BOLF_052014_oct(3).xls,2_BOLF_052014_oct(3).xls,manual_usuario,https://www.bcp.gov.py/en/formato-clasico,2026-09-24,descarga manual del usuario desde el navegador (el sitio bloquea clientes automáticos),665088,c6ad75f2d50127008e4815969cf64634d283f1cdb074a4e33bc78655bb6c2650,financieras,17,nuevo,2014-05-31,FALSE,2014-05,1,unica
raw/manual_usuario/2_BOLF_062014(3).xls,2_BOLF_062014(3).xls,manual_usuario,https://www.bcp.gov.py/en/formato-clasico,2026-09-24,descarga manual del usuario desde el navegador (el sitio bloquea clientes automáticos),667648,820605d653d3e5758e2a3840c0e67340bbe1179cf83fa90c1386e6805da6050e,financieras,17,nuevo,2014-06-30,FALSE,2014-06,1,unica
raw/manual_usuario/2_BOLF_072014(2).xls,2_BOLF_072014(2).xls,manual_usuario,https://www.bcp.gov.py/en/formato-clasico,2026-09-24,descarga manual del usuario desde el navegador (el sitio bloquea clientes automáticos),669184,de15e852e6df67071e8c477819a75caa10613bf2ee5c3716b7b45dff0d6219b2,financieras,17,nuevo,2014-07-31,FALSE,2014-07,1,unica
raw/manual_usuario/2_BOLF_082014(2).xls,2_BOLF_082014(2).xls,manual_usuario,https://www.bcp.gov.py/en/formato-clasico,2026-09-24,descarga manual del usuario desde el navegador (el sitio bloquea clientes automáticos),701952,e89a843642017b50cd9c174951a8c7dc721aab15f7c2b4c0f37764a1ffb4d047,financieras,17,nuevo,2014-08-31,FALSE,2014-08,1,unica
raw/manual_usuario/2_BOLF_092014_041114.xls,2_BOLF_092014_041114.xls,manual_usuario,https://www.bcp.gov.py/en/formato-clasico,2026-09-24,descarga manual del usuario desde el navegador (el sitio bloquea clientes automáticos),735232,7bb88d826adf9d5f8f712634a6705ea3a279f8670d84f1f2514caf9649c43829,financieras,18,nuevo,2014-09-30,FALSE,2014-09,1,unica
raw/manual_usuario/2_BOLF_102014.xls,2_BOLF_102014.xls,manual_usuario,https://www.bcp.gov.py/en/formato-clasico,2026-09-24,descarga manual del usuario desde el navegador (el sitio bloquea clientes automáticos),729088,46d4f47d2106ca127d0518e08f1e527fd2fbabeee2b821fe6313ea64eac5ed73,financieras,18,nuevo,2014-10-31,FALSE,2014-10,1,unica
raw/manual_usuario/2_BOLF 112014.xls,2_BOLF 112014.xls,manual_usuario,https://www.bcp.gov.py/en/formato-clasico,2026-09-24,descarga manual del usuario desde el navegador (el sitio bloquea clientes automáticos),752128,b18125b2706b106073eee8ab2156cde6cb968d25ae4f729e5797d00a4eade792,financieras,20,nuevo,2014-11-30,FALSE,2014-11,1,unica
raw/manual_usuario/2_BOLF 12.2014.xls,2_BOLF 12.2014.xls,manual_usuario,https://www.bcp.gov.py/en/formato-clasico,2026-09-24,descarga manual del usuario desde el navegador (el sitio bloquea clientes automáticos),760320,30dc9888eb2de3853ac40a55b56d0104d941741dd42d997e9891aafbc1aefceb,financieras,20,nuevo,2014-12-31,FALSE,2014-12,1,unica
raw/manual_usuario/2_BOLF_012015.xls,2_BOLF_012015.xls,manual_usuario,https://www.bcp.gov.py/en/formato-clasico,2026-09-24,descarga manual del usuario desde el navegador (el sitio bloquea clientes automáticos),752640,e897df7773ac6935f093fce60e046dbed2f9e03b193bd16495dfab3b5bf2e3a9,financieras,20,nuevo,2015-01-31,FALSE,2015-01,1,unica
raw/manual_usuario/2_BOLF 022015.xls,2_BOLF 022015.xls,manual_usuario,https://www.bcp.gov.py/en/formato-clasico,2026-09-24,descarga manual del usuario desde el navegador (el sitio bloquea clientes automáticos),754688,b84c54b9d49c1d902d62d0c4bad9d7e5caff04f4f1c19a0294f9a5cc0e01deb3,financieras,20,nuevo,2015-02-28,FALSE,2015-02,1,unica
raw/manual_usuario/2_BOLF_03_2015.xls,2_BOLF_03_2015.xls,manual_usuario,https://www.bcp.gov.py/en/formato-clasico,2026-09-24,descarga manual del usuario desde el navegador (el sitio bloquea clientes automáticos),745472,f99dc256efadf0c03abc754ba754cc25e12e9b0236e115ea833da28a7fc715f7,financieras,20,nuevo,2015-03-31,FALSE,2015-03,1,unica
raw/manual_usuario/2_BOLF_042015_reemplaza.xls,2_BOLF_042015_reemplaza.xls,manual_usuario,https://www.bcp.gov.py/en/formato-clasico,2026-09-24,descarga manual del usuario desde el navegador (el sitio bloquea clientes automáticos),740352,92e34b3398fadc791e565cd0cfff687eace2abcd8980a1b4eb41e8fa3b893f88,financieras,20,nuevo,2015-04-30,FALSE,2015-04,1,unica
raw/manual_usuario/2_BOLF_052015_r_050815.xls,2_BOLF_052015_r_050815.xls,manual_usuario,https://www.bcp.gov.py/en/formato-clasico,2026-09-24,descarga manual del usuario desde el navegador (el sitio bloquea clientes automáticos),738304,9bb377f3ceea9c7c2a39a8a9fafff7d305675a70c4cdd9a7fd2313a48226abe1,financieras,20,nuevo,2015-05-31,FALSE,2015-05,1,unica
raw/manual_usuario/2_BOLF_062015_r_040815.xls,2_BOLF_062015_r_040815.xls,manual_usuario,https://www.bcp.gov.py/en/formato-clasico,2026-09-24,descarga manual del usuario desde el navegador (el sitio bloquea clientes automáticos),739840,8d02ca146dcbda92ad9c58b6a10781cabd66f6a8b2ad7de4ad11fcf8a37f219c,financieras,20,nuevo,2015-06-30,FALSE,2015-06,1,unica
raw/manual_usuario/2_BOLF_072015.xls,2_BOLF_072015.xls,manual_usuario,https://www.bcp.gov.py/en/formato-clasico,2026-09-24,descarga manual del usuario desde el navegador (el sitio bloquea clientes automáticos),747520,eef3992ac288a383313dadcdbd4723c19b8d074c72512b59f4ae8f093f66881d,financieras,20,nuevo,2015-07-31,FALSE,2015-07,1,unica
raw/manual_usuario/2_BOLF_08_2015.xls,2_BOLF_08_2015.xls,manual_usuario,https://www.bcp.gov.py/en/formato-clasico,2026-09-24,descarga manual del usuario desde el navegador (el sitio bloquea clientes automáticos),737280,6aba338cb028f9c861489991438d775da80b4c80d76d17ec51c72a7808aab2a7,financieras,20,nuevo,2015-08-31,FALSE,2015-08,1,unica
raw/manual_usuario/2_BOLF_092015.xls,2_BOLF_092015.xls,manual_usuario,https://www.bcp.gov.py/en/formato-clasico,2026-09-24,descarga manual del usuario desde el navegador (el sitio bloquea clientes automáticos),727040,1e2aee4567f46338c852b5f470432aaa27397c0b5432a749ec2c03ab5b301e6e,financieras,20,nuevo,2015-09-30,FALSE,2015-09,1,unica
raw/manual_usuario/2_BOLF_102015.xls,2_BOLF_102015.xls,manual_usuario,https://www.bcp.gov.py/en/formato-clasico,2026-09-24,descarga manual del usuario desde el navegador (el sitio bloquea clientes automáticos),720896,0ea260163dc5beb70c1f235393f783b4644e3616359511256e07e3f86fc08d19,financieras,20,nuevo,2015-10-31,FALSE,2015-10,1,unica
raw/manual_usuario/2_BOLF 112015.xls,2_BOLF 112015.xls,manual_usuario,https://www.bcp.gov.py/en/formato-clasico,2026-09-24,descarga manual del usuario desde el navegador (el sitio bloquea clientes automáticos),720896,6b4840fdd73382596d27b75c744529545dab6c8965cb46653b3dd8a12fb0838c,financieras,20,nuevo,2015-11-30,FALSE,2015-11,1,unica
raw/manual_usuario/2_BOLF_122015.xls,2_BOLF_122015.xls,manual_usuario,https://www.bcp.gov.py/en/formato-clasico,2026-09-24,descarga manual del usuario desde el navegador (el sitio bloquea clientes automáticos),747008,9648e0432d0965c4f757f4ab0495dc7714a738e7cc56cbd060140ebd04e7dc2b,financieras,20,nuevo,2015-12-31,FALSE,2015-12,1,unica
