path,url,fuente,retrieved_utc,bytes,sha256,sha256_gz
raw/ine/EPHC-ANUAL/EPHC_2022_ANUAL/INGREFAM_EPHC_ANUAL_2022.SAV,https://www.ine.gov.py/microdatos/register/EPHC-ANUAL/EPHC_2022_ANUAL/INGREFAM_EPHC_ANUAL_2022.SAV,INE microdatos,2026-09-23T18:42:27.235523+00:00,2447342,e5f4dfa0804b0df38585aaf9c3c358ac6ccf2f4162b1d271e975169e76e77495,
raw/ine/EPHC-ANUAL/EPHC_2022_ANUAL/INGREFAM_EPHC_ANUAL_2022.csv,https://www.ine.gov.py/microdatos/register/EPHC-ANUAL/EPHC_2022_ANUAL/INGREFAM_EPHC_ANUAL_2022.csv,INE microdatos,2026-09-23T18:42:32.274634+00:00,3661378,4fba7e02f9029e85a9ee0e8866eda49baac536f03c1b358e674c18d8fa695c43,
raw/ine/EPHC-ANUAL/EPHC_2022_ANUAL/REG01_EPHC_ANUAL_2022.SAV,https://www.ine.gov.py/microdatos/register/EPHC-ANUAL/EPHC_2022_ANUAL/REG01_EPHC_ANUAL_2022.SAV,INE microdatos,2026-09-23T18:42:34.060269+00:00,1558044,aa80f28a6f0f7c872fd5701a5a0e72f66ca65c8526dc18ec0762dc0917752bf4,
raw/ine/EPHC-ANUAL/EPHC_2022_ANUAL/REG01_EPHC_ANUAL_2022.csv,https://www.ine.gov.py/microdatos/register/EPHC-ANUAL/EPHC_2022_ANUAL/REG01_EPHC_ANUAL_2022.csv,INE microdatos,2026-09-23T18:42:45.977236+00:00,2434387,b1f65cd5c759c41af5c3b4849f4cf09e4f3cfd6bc561583abcd9d8143c492dff,
raw/ine/EPHC-ANUAL/EPHC_2022_ANUAL/REG02_EPHC_ANUAL_2022.SAV,https://www.ine.gov.py/microdatos/register/EPHC-ANUAL/EPHC_2022_ANUAL/REG02_EPHC_ANUAL_2022.SAV,INE microdatos,2026-09-23T18:42:58.286191+00:00,17710670,9aa35ee43f27fac26e8a4869ef6f1520aedec5164ecea7a459421bf2d3749dab,
raw/ine/EPHC-ANUAL/EPHC_2022_ANUAL/REG02_EPHC_ANUAL_2022.csv,https://www.ine.gov.py/microdatos/register/EPHC-ANUAL/EPHC_2022_ANUAL/REG02_EPHC_ANUAL_2022.csv,INE microdatos,2026-09-23T18:43:18.093108+00:00,29780987,8aab90268790709245a73fbca8d7170d2e0451ecb90146f2c43d597fc2a6ce31,
raw/ine/EPHC-ANUAL/EPHC_2022_ANUAL/diccionario_EPHC_ANUAL_2022.xls,https://www.ine.gov.py/microdatos/register/EPHC-ANUAL/EPHC_2022_ANUAL/diccionario_EPHC_ANUAL_2022.xls,INE microdatos,2026-09-23T18:43:19.279405+00:00,358400,7842260af527592dfffcf286b1f655883f9f1ec22babff1ef10b1ca7c99b64de,
raw/ine/EPHC-ANUAL/EPHC_2022_ANUAL/diccionario_INGREFAM_EPHC_ANUAL_2022.doc,https://www.ine.gov.py/microdatos/register/EPHC-ANUAL/EPHC_2022_ANUAL/diccionario_INGREFAM_EPHC_ANUAL_2022.doc,INE microdatos,2026-09-23T18:43:20.472732+00:00,138752,347bf60ebcd122daa45f311983cda463367f60ae3c963f6622f8e8860f9ae4dc,
raw/ine/EPHC-ANUAL/EPHC_2023_ANUAL/INGREFAM_EPHC_ANUAL_2023.SAV,https://www.ine.gov.py/microdatos/register/EPHC-ANUAL/EPHC_2023_ANUAL/INGREFAM_EPHC_ANUAL_2023.SAV,INE microdatos,2026-09-23T18:43:22.951443+00:00,2321330,0d51398cbb59262e01c81964d53da4c59db982e74f95a3a2658101494116d8d5,
raw/ine/EPHC-ANUAL/EPHC_2023_ANUAL/INGREFAM_EPHC_ANUAL_2023.csv,https://www.ine.gov.py/microdatos/register/EPHC-ANUAL/EPHC_2023_ANUAL/INGREFAM_EPHC_ANUAL_2023.csv,INE microdatos,2026-09-23T18:43:25.754935+00:00,3421004,9db43197e50c50baa4a43c6571b22e36faa279d272dbec413cc837a1e0de65c9,
raw/ine/EPHC-ANUAL/EPHC_2023_ANUAL/REG01_EPHC_ANUAL_2023.SAV,https://www.ine.gov.py/microdatos/register/EPHC-ANUAL/EPHC_2023_ANUAL/REG01_EPHC_ANUAL_2023.SAV,INE microdatos,2026-09-23T18:43:27.388778+00:00,1483204,23bb051549e0f600a2d96e192b198cf09f6b7d06c30796f3c527524f173c6f46,
raw/ine/EPHC-ANUAL/EPHC_2023_ANUAL/REG01_EPHC_ANUAL_2023.csv,https://www.ine.gov.py/microdatos/register/EPHC-ANUAL/EPHC_2023_ANUAL/REG01_EPHC_ANUAL_2023.csv,INE microdatos,2026-09-23T18:43:29.759590+00:00,2310661,20cf3df047eda40ddc39cd183a98c17cc16f1794cb6d22980580ce1dab75f7f9,
raw/ine/EPHC-ANUAL/EPHC_2023_ANUAL/REG02_EPHC_ANUAL_2023.SAV,https://www.ine.gov.py/microdatos/register/EPHC-ANUAL/EPHC_2023_ANUAL/REG02_EPHC_ANUAL_2023.SAV,INE microdatos,2026-09-23T18:43:40.715983+00:00,16650014,3e070dd49647c498091565d492bcc3e18af5cf17a22bb69a38041e6dec60630c,
raw/ine/EPHC-ANUAL/EPHC_2023_ANUAL/REG02_EPHC_ANUAL_2023.csv,https://www.ine.gov.py/microdatos/register/EPHC-ANUAL/EPHC_2023_ANUAL/REG02_EPHC_ANUAL_2023.csv,INE microdatos,2026-09-23T18:43:55.603033+00:00,27925200,f387f979d32b85684132903f3fad35b0e4d5fbcdbddccd01109c534acaef442a,
raw/ine/EPHC-ANUAL/EPHC_2023_ANUAL/diccionario_EPHC_ANUAL_2023.xls,https://www.ine.gov.py/microdatos/register/EPHC-ANUAL/EPHC_2023_ANUAL/diccionario_EPHC_ANUAL_2023.xls,INE microdatos,2026-09-23T18:43:56.786764+00:00,353280,60eedc33bef7d75765845fee1c29457840aee891aad3b954ce87a1786fddac45,
raw/ine/EPHC-ANUAL/EPHC_2023_ANUAL/diccionario_INGREFAM_EPHC_ANUAL_2023_v2.doc,https://www.ine.gov.py/microdatos/register/EPHC-ANUAL/EPHC_2023_ANUAL/diccionario_INGREFAM_EPHC_ANUAL_2023_v2.doc,INE microdatos,2026-09-23T18:43:57.922495+00:00,138752,819741a37579fba64229c92b9ecd42dccea92c8555696b28bd00acc222da3060,
raw/ine/EPHC-ANUAL/EPHC_2024_ANUAL/INGREFAM_EPHC_ANUAL_2024.SAV,https://www.ine.gov.py/microdatos/register/EPHC-ANUAL/EPHC_2024_ANUAL/INGREFAM_EPHC_ANUAL_2024.SAV,INE microdatos,2026-09-23T18:44:00.295620+00:00,2344954,bcb072418f58ed72c5087d967c06a8cad87b90b627feb6b09dcdcb361826aa7c,
raw/ine/EPHC-ANUAL/EPHC_2024_ANUAL/INGREFAM_EPHC_ANUAL_2024.csv,https://www.ine.gov.py/microdatos/register/EPHC-ANUAL/EPHC_2024_ANUAL/INGREFAM_EPHC_ANUAL_2024.csv,INE microdatos,2026-09-23T18:44:03.655873+00:00,3436786,6712b1abf365ccfa567439751eaebb017090117f0d1e67ee23f25afd1aad85a2,
raw/ine/EPHC-ANUAL/EPHC_2024_ANUAL/REG01_EPHC_ANUAL_2024.SAV,https://www.ine.gov.py/microdatos/register/EPHC-ANUAL/EPHC_2024_ANUAL/REG01_EPHC_ANUAL_2024.SAV,INE microdatos,2026-09-23T18:44:05.436414+00:00,1502020,e2c736eae2be83bda9cedfbe3bbe969a4418dd7fdcb97745ee6b123dc475070b,
raw/ine/EPHC-ANUAL/EPHC_2024_ANUAL/REG01_EPHC_ANUAL_2024.csv,https://www.ine.gov.py/microdatos/register/EPHC-ANUAL/EPHC_2024_ANUAL/REG01_EPHC_ANUAL_2024.csv,INE microdatos,2026-09-23T18:44:07.497513+00:00,2341614,b5e456e0b0d331f44725dbe57305046bbad47377c49d392c79bb70037f341147,
raw/ine/EPHC-ANUAL/EPHC_2024_ANUAL/REG02_EPHC_ANUAL_2024.SAV,https://www.ine.gov.py/microdatos/register/EPHC-ANUAL/EPHC_2024_ANUAL/REG02_EPHC_ANUAL_2024.SAV,INE microdatos,2026-09-23T18:44:17.785538+00:00,16609174,11f7ca2b6fdd577e9e2e7acad3a89149c56b05e56ee247bfdeec5ce1b81aeeff,
raw/ine/EPHC-ANUAL/EPHC_2024_ANUAL/REG02_EPHC_ANUAL_2024.csv,https://www.ine.gov.py/microdatos/register/EPHC-ANUAL/EPHC_2024_ANUAL/REG02_EPHC_ANUAL_2024.csv,INE microdatos,2026-09-23T18:44:32.293221+00:00,27814273,75f753b2319214a1168e545e448a24a4267bae18707a8bf963697886b869b01c,
raw/ine/EPHC-ANUAL/EPHC_2024_ANUAL/diccionario_EPHC_ANUAL_2024.xls,https://www.ine.gov.py/microdatos/register/EPHC-ANUAL/EPHC_2024_ANUAL/diccionario_EPHC_ANUAL_2024.xls,INE microdatos,2026-09-23T18:44:33.600316+00:00,358400,321a9e7049b4e4b4532ef7cc4b10c04fcff8cc3061668003edd768a8c0e6edbd,
raw/ine/EPHC-ANUAL/EPHC_2024_ANUAL/diccionario_INGREFAM_EPHC_ANUAL_2024.doc,https://www.ine.gov.py/microdatos/register/EPHC-ANUAL/EPHC_2024_ANUAL/diccionario_INGREFAM_EPHC_ANUAL_2024.doc,INE microdatos,2026-09-23T18:44:34.721565+00:00,138752,8ceb7bb41b6a9324a0a0be4703668f25c29fe606e56ffebd4150ad59a1f6b1eb,
raw/ine/EPHC-ANUAL/EPHC_2025_ANUAL/INGREFAM_EPHC_ANUAL_2025.SAV,https://www.ine.gov.py/microdatos/register/EPHC-ANUAL/EPHC_2025_ANUAL/INGREFAM_EPHC_ANUAL_2025.SAV,INE microdatos,2026-09-23T18:44:36.722972+00:00,2359146,f8fcde8e0c384bef8f3d632b5990c10b463b21d3f3710381f3f9abb6fb9fd536,
raw/ine/EPHC-ANUAL/EPHC_2025_ANUAL/INGREFAM_EPHC_ANUAL_2025.csv,https://www.ine.gov.py/microdatos/register/EPHC-ANUAL/EPHC_2025_ANUAL/INGREFAM_EPHC_ANUAL_2025.csv,INE microdatos,2026-09-23T18:44:39.855299+00:00,3366564,fe012ac674011ed083cb0b1e60ff3428e1b321ac52e39c72810887303ccec4f9,
raw/ine/EPHC-ANUAL/EPHC_2025_ANUAL/REG01_EPHC_ANUAL_2025.SAV,https://www.ine.gov.py/microdatos/register/EPHC-ANUAL/EPHC_2025_ANUAL/REG01_EPHC_ANUAL_2025.SAV,INE microdatos,2026-09-23T18:44:42.090626+00:00,1508081,f51adfd803e1072f27ea2d4deeae7b3bb9ad25359315019880081655f8efde0c,
raw/ine/EPHC-ANUAL/EPHC_2025_ANUAL/REG01_EPHC_ANUAL_2025.csv,https://www.ine.gov.py/microdatos/register/EPHC-ANUAL/EPHC_2025_ANUAL/REG01_EPHC_ANUAL_2025.csv,INE microdatos,2026-09-23T18:44:44.716558+00:00,2353759,c9e1bec27c3ed74d2e14d3c3ba0dbd9d83c6f0aa38e2c8f992bf4c9275f5fc6e,
raw/ine/EPHC-ANUAL/EPHC_2025_ANUAL/REG02_EPHC_ANUAL_2025.SAV,https://www.ine.gov.py/microdatos/register/EPHC-ANUAL/EPHC_2025_ANUAL/REG02_EPHC_ANUAL_2025.SAV,INE microdatos,2026-09-23T18:44:59.121338+00:00,16224222,f4dd1428d51129fe80bee977b880ade98cab0f8673739168c9bde7ff9e451067,
raw/ine/EPHC-ANUAL/EPHC_2025_ANUAL/REG02_EPHC_ANUAL_2025.csv,https://www.ine.gov.py/microdatos/register/EPHC-ANUAL/EPHC_2025_ANUAL/REG02_EPHC_ANUAL_2025.csv,INE microdatos,2026-09-23T18:45:17.597057+00:00,27005945,0b91f3a2fbcbdebd956817fb156acf8b7df7c017c0e0e9549c13387a5f4d4d1e,
raw/ine/EPHC-ANUAL/EPHC_2025_ANUAL/diccionario_EPHC_ANUAL_2025.xls,https://www.ine.gov.py/microdatos/register/EPHC-ANUAL/EPHC_2025_ANUAL/diccionario_EPHC_ANUAL_2025.xls,INE microdatos,2026-09-23T18:45:18.844915+00:00,353792,cbe14a429be06e9fe000da2345b791cd0d14706a03af8d921648341e42a3f137,
raw/ine/EPHC-ANUAL/EPHC_2025_ANUAL/diccionario_INGREFAM_EPHC_ANUAL_2025.doc,https://www.ine.gov.py/microdatos/register/EPHC-ANUAL/EPHC_2025_ANUAL/diccionario_INGREFAM_EPHC_ANUAL_2025.doc,INE microdatos,2026-09-23T18:45:20.016257+00:00,138752,1ce4668cd8a314bdb482306bd65515490217224d9d6a91b790823d4db2d2d787,
raw/ine/EPHC-ANUAL/REG01_EPHC_ANUAL_2017.SAV,https://www.ine.gov.py/microdatos/register/EPHC-ANUAL/REG01_EPHC_ANUAL_2017.SAV,INE microdatos,2026-09-23T18:45:22.108160+00:00,1765745,d99531e337f622bd7e70a1af605a42521a25bdca26529ebac501d76ebcab2513,
raw/ine/EPHC-ANUAL/REG01_EPHC_ANUAL_2018.SAV,https://www.ine.gov.py/microdatos/register/EPHC-ANUAL/REG01_EPHC_ANUAL_2018.SAV,INE microdatos,2026-09-23T18:45:25.037924+00:00,1350937,f0205174a967b6f990a7c79f548dc30c67a62ddcac8128e8e9e25b0bf9438d4d,
raw/ine/EPHC-ANUAL/REG01_EPHC_ANUAL_2019.ZIP,https://www.ine.gov.py/microdatos/register/EPHC-ANUAL/REG01_EPHC_ANUAL_2019.ZIP,INE microdatos,2026-09-23T18:45:26.766089+00:00,315871,f8823522ff7a4567660b05c1dc636841d958869e03a2cb8b6bbc331e9786dc3f,
raw/ine/EPHC-ANUAL/REG02_EPHC_ANUAL_2017.SAV,https://www.ine.gov.py/microdatos/register/EPHC-ANUAL/REG02_EPHC_ANUAL_2017.SAV,INE microdatos,2026-09-23T18:45:46.025303+00:00,22641558,f375cfefdff0945c20e0cba03a6ac5c09c6552aecfaea75e4065619b4fce42ed,
raw/ine/EPHC-ANUAL/REG02_EPHC_ANUAL_2018.SAV,https://www.ine.gov.py/microdatos/register/EPHC-ANUAL/REG02_EPHC_ANUAL_2018.SAV,INE microdatos,2026-09-23T18:45:59.064684+00:00,17162974,5e1f11aac0bfcf56f0f2970b3844ccb071ef1b2ab856189ef30d53b5fa6653ae,
raw/ine/EPHC-ANUAL/REG02_EPHC_ANUAL_2019.ZIP,https://www.ine.gov.py/microdatos/register/EPHC-ANUAL/REG02_EPHC_ANUAL_2019.ZIP,INE microdatos,2026-09-23T18:46:03.629885+00:00,3645495,fb7e7b401417467608ca50b56790a08da9ec7f0d4d34f30b6d6897845e5be752,
raw/ine/EPHC-ANUAL/diccionario EPHC ANUAL 2017.xls,https://www.ine.gov.py/microdatos/register/EPHC-ANUAL/diccionario%20EPHC%20ANUAL%202017.xls,INE microdatos,2026-09-23T18:46:05.652206+00:00,1926144,1960a0d6c2a63a632565eca5d48e8c399ee223b95998dcb0ca8040f074cd85e4,
raw/ine/EPHC-ANUAL/diccionario EPHC ANUAL 2018.xls,https://www.ine.gov.py/microdatos/register/EPHC-ANUAL/diccionario%20EPHC%20ANUAL%202018.xls,INE microdatos,2026-09-23T18:46:07.588672+00:00,1926144,30cd7f4508af8066381d214fec3a26992ee0639444b6efbc89872e9c1fa7f77b,
raw/ine/EPHC-ANUAL/diccionario EPHC ANUAL 2019.xls,https://www.ine.gov.py/microdatos/register/EPHC-ANUAL/diccionario%20EPHC%20ANUAL%202019.xls,INE microdatos,2026-09-23T18:46:09.562765+00:00,1926656,536829e6c9474af747ac532b37c625f1bb2c6317ecf5cef65d793adb6f719abf,
raw/ine/SERIE-EPHC/EPH-1997-98/Cuestionario 97-98.pdf,https://www.ine.gov.py/microdatos/register/SERIE-EPHC/EPH-1997-98/Cuestionario%2097-98.pdf,INE microdatos,2026-09-23T18:46:10.713542+00:00,294831,250e350728fd9b5b33b1d7ecccc211c83dd80d6f9adda16c3ac1168ca79d998e,
raw/ine/SERIE-EPHC/EPH-1997-98/INGREFAM EIH 1997-1998.csv,https://www.ine.gov.py/microdatos/register/SERIE-EPHC/EPH-1997-98/INGREFAM%20EIH%201997-1998.csv,INE microdatos,2026-09-23T18:46:13.168868+00:00,877316,5d404391c01a34c6f36cbd26ce0cc07561e59582d27c0816708f32088d44f19d,
raw/ine/SERIE-EPHC/EPH-1997-98/INGREFAM EIH 1997-1998.sav,https://www.ine.gov.py/microdatos/register/SERIE-EPHC/EPH-1997-98/INGREFAM%20EIH%201997-1998.sav,INE microdatos,2026-09-23T18:46:14.812185+00:00,625097,7050daa59b90ec7ed8187b6f5f1e51116978d3062c72847bb689d422d1911f01,
raw/ine/SERIE-EPHC/EPH-1997-98/R01_EIH 1997-1998.csv,https://www.ine.gov.py/microdatos/register/SERIE-EPHC/EPH-1997-98/R01_EIH%201997-1998.csv,INE microdatos,2026-09-23T18:46:16.316765+00:00,436796,c8ad2171f0a7eeb2a0bd1e524dfbde979eb0098472ed48fc27161bf01b5c786a,
raw/ine/SERIE-EPHC/EPH-1997-98/R01_EIH 1997-1998.sav,https://www.ine.gov.py/microdatos/register/SERIE-EPHC/EPH-1997-98/R01_EIH%201997-1998.sav,INE microdatos,2026-09-23T18:46:17.842831+00:00,343771,8bdf45670f04e1feb30367d12ba6d9e306f8280f22929ad86c4f0c4529612cf7,
raw/ine/SERIE-EPHC/EPH-1997-98/R02_EIH 1997-1998.csv,https://www.ine.gov.py/microdatos/register/SERIE-EPHC/EPH-1997-98/R02_EIH%201997-1998.csv,INE microdatos,2026-09-23T18:46:26.387413+00:00,15323605,809f81a806db03efc667f6f2ad0c21bf94c49ab1024c7e0b71c970dc774e5e18,
raw/ine/SERIE-EPHC/EPH-1997-98/R02_EIH 1997-1998.sav,https://www.ine.gov.py/microdatos/register/SERIE-EPHC/EPH-1997-98/R02_EIH%201997-1998.sav,INE microdatos,2026-09-23T18:46:32.448578+00:00,8652198,e2527852d04804f34e1a89c2a7562a2e51b58adf7418c18875fb00e2b81dfb78,
raw/ine/SERIE-EPHC/EPH-1997-98/diccionario 1997- 98.xls,https://www.ine.gov.py/microdatos/register/SERIE-EPHC/EPH-1997-98/diccionario%201997-%2098.xls,INE microdatos,2026-09-23T18:46:33.615233+00:00,244736,eb5d1b0fb232d7e702039572385384622e8d26917ef31c6adaf16155f92bb031,
raw/ine/SERIE-EPHC/EPH-1997-98/diccionario INGREFAM 1997-1998.doc,https://www.ine.gov.py/microdatos/register/SERIE-EPHC/EPH-1997-98/diccionario%20INGREFAM%201997-1998.doc,INE microdatos,2026-09-23T18:46:35.149488+00:00,136704,afabb0fcc068a200b23248c127619db8bc43d5ad4a555950e0e39594835c4ba6,
raw/ine/SERIE-EPHC/EPH-1999/CUESTIONARIO 99.pdf,https://www.ine.gov.py/microdatos/register/SERIE-EPHC/EPH-1999/CUESTIONARIO%2099.pdf,INE microdatos,2026-09-23T18:46:36.311700+00:00,202098,7107f0f33961941fcd86f6a083e0ee6b024ae4f29ee4a8d997cded65b034b343,
raw/ine/SERIE-EPHC/EPH-1999/INGREFAM EPH 1999.csv,https://www.ine.gov.py/microdatos/register/SERIE-EPHC/EPH-1999/INGREFAM%20EPH%201999.csv,INE microdatos,2026-09-23T18:46:37.901191+00:00,994026,4c95407e4bbc1a161afe597d7be67c0faecfb13d59262f3c19957d669f553e78,
raw/ine/SERIE-EPHC/EPH-1999/INGREFAM EPH 1999.sav,https://www.ine.gov.py/microdatos/register/SERIE-EPHC/EPH-1999/INGREFAM%20EPH%201999.sav,INE microdatos,2026-09-23T18:46:39.315301+00:00,717682,12135a9c4f2588fb8650449d1b7b6963bafc263fd9e19fab7aadc55f1e16ad48,
raw/ine/SERIE-EPHC/EPH-1999/R01_EPH1999.csv,https://www.ine.gov.py/microdatos/register/SERIE-EPHC/EPH-1999/R01_EPH1999.csv,INE microdatos,2026-09-23T18:46:40.860606+00:00,554546,6b7ad61a3974aa3f3126d457a0dd20ba1a40dc424d11bc5596b0fa9933b23bff,
raw/ine/SERIE-EPHC/EPH-1999/R01_EPH1999.sav,https://www.ine.gov.py/microdatos/register/SERIE-EPHC/EPH-1999/R01_EPH1999.sav,INE microdatos,2026-09-23T18:46:42.027683+00:00,360287,6b89475dda15a88c772415ea779cc8df75ebd698fa17456eeaa4abbbd5f8c3be,
raw/ine/SERIE-EPHC/EPH-1999/R02_EPH1999.csv,https://www.ine.gov.py/microdatos/register/SERIE-EPHC/EPH-1999/R02_EPH1999.csv,INE microdatos,2026-09-23T18:46:51.450226+00:00,11398519,86d10d797ff608dcab0582c74676707c423093247a61b1e0a95b46279a5ccd41,
raw/ine/SERIE-EPHC/EPH-1999/R02_EPH1999.sav,https://www.ine.gov.py/microdatos/register/SERIE-EPHC/EPH-1999/R02_EPH1999.sav,INE microdatos,2026-09-23T18:46:56.293433+00:00,6306748,a0c8c77e1b57d8495cbfcaeb998b51dbe461a2d5935f0ffe83c7f47bf25743e8,
raw/ine/SERIE-EPHC/EPH-1999/diccionario 1999.xls,https://www.ine.gov.py/microdatos/register/SERIE-EPHC/EPH-1999/diccionario%201999.xls,INE microdatos,2026-09-23T18:46:57.428104+00:00,220160,5a822511758631457e472c6f78d26fddeaa4a92049edc8ee19bb2478a0358d3b,
raw/ine/SERIE-EPHC/EPH-1999/diccionario INGREFAM 1999.doc,https://www.ine.gov.py/microdatos/register/SERIE-EPHC/EPH-1999/diccionario%20INGREFAM%201999.doc,INE microdatos,2026-09-23T18:46:58.526252+00:00,136704,00ccce41008ebf023f048a9b9fbdf12973e880fd5477651222b87b8f249f37de,
raw/ine/SERIE-EPHC/EPH-2000-01/Cuestionario EIH 2000-2001.pdf,https://www.ine.gov.py/microdatos/register/SERIE-EPHC/EPH-2000-01/Cuestionario%20EIH%202000-2001.pdf,INE microdatos,2026-09-23T18:46:59.715215+00:00,414282,868e3b15ddb4ad039331e9f5d4facb9e5d49c9027a64c1f7c8db6e13f15d590e,
raw/ine/SERIE-EPHC/EPH-2000-01/INGREFAM EIH 2000-2001.csv,https://www.ine.gov.py/microdatos/register/SERIE-EPHC/EPH-2000-01/INGREFAM%20EIH%202000-2001.csv,INE microdatos,2026-09-23T18:47:01.689905+00:00,1614183,55761cf8e0e374f2c14d5a7442bad54a6a8b59f14fc4ccd336da50d550d2963d,
raw/ine/SERIE-EPHC/EPH-2000-01/INGREFAM EIH 2000-2001.sav,https://www.ine.gov.py/microdatos/register/SERIE-EPHC/EPH-2000-01/INGREFAM%20EIH%202000-2001.sav,INE microdatos,2026-09-23T18:47:03.299977+00:00,1139722,14eb18eae39aded0af43060bbf5b8f4c2930d289aa0bb2f6de6962bb4e2266d8,
raw/ine/SERIE-EPHC/EPH-2000-01/R01_EIH2000-2001.csv,https://www.ine.gov.py/microdatos/register/SERIE-EPHC/EPH-2000-01/R01_EIH2000-2001.csv,INE microdatos,2026-09-23T18:47:04.754808+00:00,927332,6a1670ce2ebadac6bdf8533930525291bb654c7fdf16cfc5c82f25c7875a5415,
raw/ine/SERIE-EPHC/EPH-2000-01/R01_EIH2000-2001.sav,https://www.ine.gov.py/microdatos/register/SERIE-EPHC/EPH-2000-01/R01_EIH2000-2001.sav,INE microdatos,2026-09-23T18:47:06.129559+00:00,677352,9d20d275e9871d7f561def72db84b961b581d5adbcd179059854757755664ec0,
raw/ine/SERIE-EPHC/EPH-2000-01/R02_EIH2000-2001.csv,https://www.ine.gov.py/microdatos/register/SERIE-EPHC/EPH-2000-01/R02_EIH2000-2001.csv,INE microdatos,2026-09-23T18:47:23.377073+00:00,25137268,062118c6e8073fe631770b1e768a301b581135f7bdf2c165c106695cd2a9c9d4,
raw/ine/SERIE-EPHC/EPH-2000-01/R02_EIH2000-2001.sav,https://www.ine.gov.py/microdatos/register/SERIE-EPHC/EPH-2000-01/R02_EIH2000-2001.sav,INE microdatos,2026-09-23T18:47:32.545343+00:00,14352936,bbd36da28f63348fff3676fad4671dda2af69052ee0741f7bb16214a20d72729,
raw/ine/SERIE-EPHC/EPH-2000-01/diccionario 2000-01.xls,https://www.ine.gov.py/microdatos/register/SERIE-EPHC/EPH-2000-01/diccionario%202000-01.xls,INE microdatos,2026-09-23T18:47:33.960140+00:00,252928,a65277f2b5799897a39dbeb4293ada2f4827dffaab19a40f705568ad58c70979,
raw/ine/SERIE-EPHC/EPH-2000-01/diccionario INGREFAM 2000-2001.doc,https://www.ine.gov.py/microdatos/register/SERIE-EPHC/EPH-2000-01/diccionario%20INGREFAM%202000-2001.doc,INE microdatos,2026-09-23T18:47:35.161691+00:00,137216,2e595b9d07815c78b5f1519d734460f240ae29d39ca2f158bf174073eb903800,
raw/ine/SERIE-EPHC/EPH-2002/Cuestionario 2002.pdf,https://www.ine.gov.py/microdatos/register/SERIE-EPHC/EPH-2002/Cuestionario%202002.pdf,INE microdatos,2026-09-23T18:47:37.381447+00:00,1531769,1dc4033b05f8a3e0863dea8b9576ed26a5556721ab16ef5ad18080084df1ca7d,
raw/ine/SERIE-EPHC/EPH-2002/INGREFAM EPH 2002.csv,https://www.ine.gov.py/microdatos/register/SERIE-EPHC/EPH-2002/INGREFAM%20EPH%202002.csv,INE microdatos,2026-09-23T18:47:39.068071+00:00,750300,2cebbb9c8e075f95b57cea5554b8b3c4c8b40323b6015c47d351d30ca4490b1c,
raw/ine/SERIE-EPHC/EPH-2002/INGREFAM EPH 2002.sav,https://www.ine.gov.py/microdatos/register/SERIE-EPHC/EPH-2002/INGREFAM%20EPH%202002.sav,INE microdatos,2026-09-23T18:47:40.390723+00:00,549219,3c99188bcbf1b285b365791b353318b13f08ee264073612ebc38a2c5d4f72a9d,
raw/ine/SERIE-EPHC/EPH-2002/R01_EPH2002.csv,https://www.ine.gov.py/microdatos/register/SERIE-EPHC/EPH-2002/R01_EPH2002.csv,INE microdatos,2026-09-23T18:47:41.561799+00:00,358786,afcfb8bcd1652a7548c9a8c770dedf540e166c3dac520aa0d61d5cd89cbd6207,
raw/ine/SERIE-EPHC/EPH-2002/R01_EPH2002.sav,https://www.ine.gov.py/microdatos/register/SERIE-EPHC/EPH-2002/R01_EPH2002.sav,INE microdatos,2026-09-23T18:47:42.713651+00:00,223288,f06b7b2415220a8363d825146bf68054087ca04837d724a5ad0622096638a765,
raw/ine/SERIE-EPHC/EPH-2002/R02_EPH2002.csv,https://www.ine.gov.py/microdatos/register/SERIE-EPHC/EPH-2002/R02_EPH2002.csv,INE microdatos,2026-09-23T18:47:49.083138+00:00,8292837,a24f5af283cccc5bb4c4af21929f4e5eb461c136bad5a44ddaf5a068819705bf,
raw/ine/SERIE-EPHC/EPH-2002/R02_EPH2002.sav,https://www.ine.gov.py/microdatos/register/SERIE-EPHC/EPH-2002/R02_EPH2002.sav,INE microdatos,2026-09-23T18:47:53.683126+00:00,4985294,08491bc45acf043eff10cf1f625bc022a7c826af76c7ab85f1f87f0c26a98b84,
raw/ine/SERIE-EPHC/EPH-2002/diccionario 2002.xls,https://www.ine.gov.py/microdatos/register/SERIE-EPHC/EPH-2002/diccionario%202002.xls,INE microdatos,2026-09-23T18:47:56.876110+00:00,221696,2313d73acb8243e5c5c223f240598597eb91ed7462cc5bc3a05d8cca8c26f0d7,
raw/ine/SERIE-EPHC/EPH-2002/diccionario INGREFAM 2002.doc,https://www.ine.gov.py/microdatos/register/SERIE-EPHC/EPH-2002/diccionario%20INGREFAM%202002.doc,INE microdatos,2026-09-23T18:47:58.011550+00:00,136704,2f2204929c42c6f8008efeb36bcfcfcff71d6d5f65e5dd19ab10970a3e908044,
raw/ine/SERIE-EPHC/EPH-2003/Cuestionario 2003.pdf,https://www.ine.gov.py/microdatos/register/SERIE-EPHC/EPH-2003/Cuestionario%202003.pdf,INE microdatos,2026-09-23T18:48:00.194224+00:00,1725527,21e85bbe088c457046fca0477e318639b50545c5f2d7896c7febb26e7c479767,
raw/ine/SERIE-EPHC/EPH-2003/INGREFAM EPH 2003.csv,https://www.ine.gov.py/microdatos/register/SERIE-EPHC/EPH-2003/INGREFAM%20EPH%202003.csv,INE microdatos,2026-09-23T18:48:02.361511+00:00,1906674,ce2231556ddbb02e9eda5983e9e3909339557942a613d46ca762e63109322c44,
raw/ine/SERIE-EPHC/EPH-2003/INGREFAM EPH 2003.sav,https://www.ine.gov.py/microdatos/register/SERIE-EPHC/EPH-2003/INGREFAM%20EPH%202003.sav,INE microdatos,2026-09-23T18:48:04.422296+00:00,1349522,4c95119e955b98cdebbda75c599c6359019cfd7445bbeee7fb3557b7b23db3f7,
raw/ine/SERIE-EPHC/EPH-2003/R01_EPH2003.csv,https://www.ine.gov.py/microdatos/register/SERIE-EPHC/EPH-2003/R01_EPH2003.csv,INE microdatos,2026-09-23T18:48:05.836054+00:00,1032661,cf2093af56637f4696f2d9d08e2c3a9ee9dae9c3448bc52306cd0b1089d6ed8e,
raw/ine/SERIE-EPHC/EPH-2003/R01_EPH2003.sav,https://www.ine.gov.py/microdatos/register/SERIE-EPHC/EPH-2003/R01_EPH2003.sav,INE microdatos,2026-09-23T18:48:07.276055+00:00,646445,78ca6268d25a57041b51c159c46dea6ce87735d67b568bd1cbe15baaa46d9013,
raw/ine/SERIE-EPHC/EPH-2003/R02_EPH2003.csv,https://www.ine.gov.py/microdatos/register/SERIE-EPHC/EPH-2003/R02_EPH2003.csv,INE microdatos,2026-09-23T18:48:19.163677+00:00,21045862,794de35c5360e873e5087dbe4086f4d086d72f78cf2486cc518ba6d8ddd80be0,
raw/ine/SERIE-EPHC/EPH-2003/R02_EPH2003.sav,https://www.ine.gov.py/microdatos/register/SERIE-EPHC/EPH-2003/R02_EPH2003.sav,INE microdatos,2026-09-23T18:48:27.806641+00:00,13011614,898265c9265a8bcbee56381ae33de86ad14d28dc5d240b9dd942055236c2604d,
raw/ine/SERIE-EPHC/EPH-2003/diccionario 2003.xls,https://www.ine.gov.py/microdatos/register/SERIE-EPHC/EPH-2003/diccionario%202003.xls,INE microdatos,2026-09-23T18:48:28.975602+00:00,236544,9ddc69d31f68bb27f8167e402483a4e6ae1f699aa9073f6ed0b8fd855d3ace7d,
raw/ine/SERIE-EPHC/EPH-2003/diccionario INGREFAM 2003.doc,https://www.ine.gov.py/microdatos/register/SERIE-EPHC/EPH-2003/diccionario%20INGREFAM%202003.doc,INE microdatos,2026-09-23T18:48:30.097876+00:00,137216,1590cad0f67c26230915268869c363976311ffb4ca21755f31f5e47ab4af744d,
raw/ine/SERIE-EPHC/EPH-2004/Cuestionario 2004.pdf,https://www.ine.gov.py/microdatos/register/SERIE-EPHC/EPH-2004/Cuestionario%202004.pdf,INE microdatos,2026-09-23T18:48:31.432233+00:00,1263182,849f2b1458ead188179606d87edd79365df4ed82e2201f08c17fb9baf59022ea,
raw/ine/SERIE-EPHC/EPH-2004/INGREFAM EPH 2004.csv,https://www.ine.gov.py/microdatos/register/SERIE-EPHC/EPH-2004/INGREFAM%20EPH%202004.csv,INE microdatos,2026-09-23T18:48:34.403898+00:00,1551488,e59cbc98b5e6c4380a5eddc1bf43684f0f60102ce1722eba59777d75d0eca355,
raw/ine/SERIE-EPHC/EPH-2004/INGREFAM EPH 2004.sav,https://www.ine.gov.py/microdatos/register/SERIE-EPHC/EPH-2004/INGREFAM%20EPH%202004.sav,INE microdatos,2026-09-23T18:48:35.887247+00:00,1109546,fbacaf3b9d693b07c477c33a1022f2b8248c89e95676ae73a41de51b4c7d733c,
raw/ine/SERIE-EPHC/EPH-2004/R01_EPH2004.csv,https://www.ine.gov.py/microdatos/register/SERIE-EPHC/EPH-2004/R01_EPH2004.csv,INE microdatos,2026-09-23T18:48:37.780206+00:00,1143338,ac5c16df136e75f61e8d32fcd94cee912e1332b65d9a60d653a6a6311e315a38,
raw/ine/SERIE-EPHC/EPH-2004/R01_EPH2004.sav,https://www.ine.gov.py/microdatos/register/SERIE-EPHC/EPH-2004/R01_EPH2004.sav,INE microdatos,2026-09-23T18:48:39.256738+00:00,760123,e613b9030433fc6bc6f35ce86af732bf8c1a7b66c34af5964b27f8a3bc24006f,
raw/ine/SERIE-EPHC/EPH-2004/R02_EPH2004.csv,https://www.ine.gov.py/microdatos/register/SERIE-EPHC/EPH-2004/R02_EPH2004.csv,INE microdatos,2026-09-23T18:48:52.698670+00:00,20629468,7aba8b65f35619411224ef87a9fc792f3a885abe4c6c2476f4b5e68588f67f75,
raw/ine/SERIE-EPHC/EPH-2004/R02_EPH2004.sav,https://www.ine.gov.py/microdatos/register/SERIE-EPHC/EPH-2004/R02_EPH2004.sav,INE microdatos,2026-09-23T18:49:01.477418+00:00,12794641,38e359b9e4ffeb7ff8e98e1ee6bc3f61c309714dff16fba4be558b1bfc42acd1,
raw/ine/SERIE-EPHC/EPH-2004/diccionario 2004.xls,https://www.ine.gov.py/microdatos/register/SERIE-EPHC/EPH-2004/diccionario%202004.xls,INE microdatos,2026-09-23T18:49:02.700200+00:00,298496,39498ba2994413c35bf57685f2cccf182df54e60d3be0837d5f2567dccf47ad6,
raw/ine/SERIE-EPHC/EPH-2004/diccionario INGREFAM 2004.doc,https://www.ine.gov.py/microdatos/register/SERIE-EPHC/EPH-2004/diccionario%20INGREFAM%202004.doc,INE microdatos,2026-09-23T18:49:04.063427+00:00,137216,2400be672be300a175d9a4b58cf22e930efcb0dc4781c87fb69451107417dde7,
raw/ine/SERIE-EPHC/EPH-2005/Cuestionario 2005.pdf,https://www.ine.gov.py/microdatos/register/SERIE-EPHC/EPH-2005/Cuestionario%202005.pdf,INE microdatos,2026-09-23T18:49:06.600557+00:00,1554525,c127684f2e2c0a1e92d7f1b5e488cc6d402ecfc17ad723b08169cc4723d669dd,
raw/ine/SERIE-EPHC/EPH-2005/INGREFAM EPH 2005.csv,https://www.ine.gov.py/microdatos/register/SERIE-EPHC/EPH-2005/INGREFAM%20EPH%202005.csv,INE microdatos,2026-09-23T18:49:08.166320+00:00,879114,7feb06e12bbf0c19fdd5f73972c7b8b2c240909660f7914681d1eacb37765d66,
raw/ine/SERIE-EPHC/EPH-2005/INGREFAM EPH 2005.sav,https://www.ine.gov.py/microdatos/register/SERIE-EPHC/EPH-2005/INGREFAM%20EPH%202005.sav,INE microdatos,2026-09-23T18:49:09.546999+00:00,643475,eba1900b9d417f402bbb264e20d55c107be738307dc0c279a6f5d7e134664058,
raw/ine/SERIE-EPHC/EPH-2005/R01_EPH2005.SAV,https://www.ine.gov.py/microdatos/register/SERIE-EPHC/EPH-2005/R01_EPH2005.SAV,INE microdatos,2026-09-23T18:49:10.888087+00:00,419488,642f6621601ff6b4dc4ca27552bc08f67603b1c2f39b897500662d026a876d1d,
raw/ine/SERIE-EPHC/EPH-2005/R01_EPH2005.csv,https://www.ine.gov.py/microdatos/register/SERIE-EPHC/EPH-2005/R01_EPH2005.csv,INE microdatos,2026-09-23T18:49:12.915126+00:00,593726,a06e5b6e6bc480f7a06f240f3fedac908090caf01c5c0c36a9a43530e1349df7,
raw/ine/SERIE-EPHC/EPH-2005/R02_EPH2005.SAV,https://www.ine.gov.py/microdatos/register/SERIE-EPHC/EPH-2005/R02_EPH2005.SAV,INE microdatos,2026-09-23T18:49:17.888001+00:00,6553708,feb6322185f2a7000c21d557656e7ea2656b328d05c13c7b54cbf966b79392f7,
raw/ine/SERIE-EPHC/EPH-2005/R02_EPH2005.csv,https://www.ine.gov.py/microdatos/register/SERIE-EPHC/EPH-2005/R02_EPH2005.csv,INE microdatos,2026-09-23T18:49:25.596178+00:00,9984559,a4a7500de148315a66c52637ee913276adc2cc4cfefd3393f332c07f3a70240d,
raw/ine/SERIE-EPHC/EPH-2005/diccionario 2005.xls,https://www.ine.gov.py/microdatos/register/SERIE-EPHC/EPH-2005/diccionario%202005.xls,INE microdatos,2026-09-23T18:49:26.757809+00:00,237568,02efaf1c98c79d2309f209784278d61117a5c999325ed5e3e2487bafb6e22729,
raw/ine/SERIE-EPHC/EPH-2005/diccionario INGREFAM 2005.doc,https://www.ine.gov.py/microdatos/register/SERIE-EPHC/EPH-2005/diccionario%20INGREFAM%202005.doc,INE microdatos,2026-09-23T18:49:27.889629+00:00,136704,0bec48ef141f4bd3baf6e2ee7eaa98ba9f11828b7064faef6271960136acae5b,
raw/ine/SERIE-EPHC/EPH-2006/CUESTIONARIO EPH 2006.pdf,https://www.ine.gov.py/microdatos/register/SERIE-EPHC/EPH-2006/CUESTIONARIO%20EPH%202006.pdf,INE microdatos,2026-09-23T18:49:29.593405+00:00,1334200,bb273b6e23fa3021fc205049502b7783f453847282891f6909284fb44e288493,
raw/ine/SERIE-EPHC/EPH-2006/INGREFAM EPH 2006.csv,https://www.ine.gov.py/microdatos/register/SERIE-EPHC/EPH-2006/INGREFAM%20EPH%202006.csv,INE microdatos,2026-09-23T18:49:31.204583+00:00,1053091,388d9ad4cd4d86b13445f3b430f8f23bbb16543494bbd52f34d602570e583c26,
raw/ine/SERIE-EPHC/EPH-2006/INGREFAM EPH 2006.sav,https://www.ine.gov.py/microdatos/register/SERIE-EPHC/EPH-2006/INGREFAM%20EPH%202006.sav,INE microdatos,2026-09-23T18:49:33.116918+00:00,763475,8cf08877f569952ff7b2ea75e3ae15ed5087a1e3db26b168975cd34624248c57,
raw/ine/SERIE-EPHC/EPH-2006/R01_EPH2006.csv,https://www.ine.gov.py/microdatos/register/SERIE-EPHC/EPH-2006/R01_EPH2006.csv,INE microdatos,2026-09-23T18:49:34.715669+00:00,706957,c1958c123bfb1363b6630608475077144aeccc24877fedfbb5c00dc47884f90c,
raw/ine/SERIE-EPHC/EPH-2006/R01_EPH2006.sav,https://www.ine.gov.py/microdatos/register/SERIE-EPHC/EPH-2006/R01_EPH2006.sav,INE microdatos,2026-09-23T18:49:36.972252+00:00,502100,f989bbb216d01dbf1e688046063e6fcd271764c6f965917708d147b1ff5a3fe4,
raw/ine/SERIE-EPHC/EPH-2006/R02_EPH2006.csv,https://www.ine.gov.py/microdatos/register/SERIE-EPHC/EPH-2006/R02_EPH2006.csv,INE microdatos,2026-09-23T18:49:46.991132+00:00,13808803,ef0bbe4809d8e7f93c46556eae7f762b4cd7759bfa1948f2c354ee5884a26e2d,
raw/ine/SERIE-EPHC/EPH-2006/R02_EPH2006.sav,https://www.ine.gov.py/microdatos/register/SERIE-EPHC/EPH-2006/R02_EPH2006.sav,INE microdatos,2026-09-23T18:49:53.563845+00:00,8772376,af34e3da42703c52f66e3195a6d4dc8c4ca51251dac4d8358528d9bd047f9f3d,
raw/ine/SERIE-EPHC/EPH-2006/diccionario 2006.xls,https://www.ine.gov.py/microdatos/register/SERIE-EPHC/EPH-2006/diccionario%202006.xls,INE microdatos,2026-09-23T18:49:54.774110+00:00,261632,a560ad4099ef81fc5c5eb8995ad8bdbc0b9dedb71f344885ef7716cd7444b888,
raw/ine/SERIE-EPHC/EPH-2006/diccionario INGREFAM 2006.doc,https://www.ine.gov.py/microdatos/register/SERIE-EPHC/EPH-2006/diccionario%20INGREFAM%202006.doc,INE microdatos,2026-09-23T18:49:55.879345+00:00,136704,b9b5c44b4aec068067984c523ad9fdb0f3ef493574df8f0660c3bb0409248673,
raw/ine/SERIE-EPHC/EPH-2007/Cuestionario EPH2007.pdf,https://www.ine.gov.py/microdatos/register/SERIE-EPHC/EPH-2007/Cuestionario%20EPH2007.pdf,INE microdatos,2026-09-23T18:49:57.514312+00:00,1524327,51ef2c9681d08234c9b24e4ab05b998206946513fec8e117660967a93918351d,
raw/ine/SERIE-EPHC/EPH-2007/INGREFAM EPH 2007.csv,https://www.ine.gov.py/microdatos/register/SERIE-EPHC/EPH-2007/INGREFAM%20EPH%202007.csv,INE microdatos,2026-09-23T18:49:59.207639+00:00,938060,31206ce99a967b0c13d79c1ca337cf863f5b2d2dffac66a9ec92cd20bc04b2b4,
raw/ine/SERIE-EPHC/EPH-2007/INGREFAM EPH 2007.sav,https://www.ine.gov.py/microdatos/register/SERIE-EPHC/EPH-2007/INGREFAM%20EPH%202007.sav,INE microdatos,2026-09-23T18:50:00.781739+00:00,694211,f8a008ed3e641fe9b9e2a460eea0d1b63add6cbce977e2d9e9ce5f6d7dfff912,
raw/ine/SERIE-EPHC/EPH-2007/R01_EPH2007.csv,https://www.ine.gov.py/microdatos/register/SERIE-EPHC/EPH-2007/R01_EPH2007.csv,INE microdatos,2026-09-23T18:50:02.100595+00:00,635070,356648090fb83d587be9ae11b1e44c9e227c2d528bb2aa55692e5eb8bcfc8040,
raw/ine/SERIE-EPHC/EPH-2007/R01_EPH2007.sav,https://www.ine.gov.py/microdatos/register/SERIE-EPHC/EPH-2007/R01_EPH2007.sav,INE microdatos,2026-09-23T18:50:03.542714+00:00,444477,d1618832a147c702a7effc90d0e3ba82b20d5cddcc6482d827ce89250b4907eb,
raw/ine/SERIE-EPHC/EPH-2007/R02_EPH2007.csv,https://www.ine.gov.py/microdatos/register/SERIE-EPHC/EPH-2007/R02_EPH2007.csv,INE microdatos,2026-09-23T18:50:10.551134+00:00,10385321,c70b7d1044f5ec4249c8d68b691e02aa3fc35f4effc05ad5589993f0b8304914,
raw/ine/SERIE-EPHC/EPH-2007/R02_EPH2007.sav,https://www.ine.gov.py/microdatos/register/SERIE-EPHC/EPH-2007/R02_EPH2007.sav,INE microdatos,2026-09-23T18:50:15.627399+00:00,6880276,daf14bd894b4300d977187b8bf720faad3c5d494d4e816434997e4fa8b0c2726,
raw/ine/SERIE-EPHC/EPH-2007/diccionario 2007.xls,https://www.ine.gov.py/microdatos/register/SERIE-EPHC/EPH-2007/diccionario%202007.xls,INE microdatos,2026-09-23T18:50:16.779112+00:00,225792,5c7d99cf0c9508fd5842cc03bce88d5dd5d93456c447892b1e5e55075a596f62,
raw/ine/SERIE-EPHC/EPH-2007/diccionario INGREFAM 2007.doc,https://www.ine.gov.py/microdatos/register/SERIE-EPHC/EPH-2007/diccionario%20INGREFAM%202007.doc,INE microdatos,2026-09-23T18:50:17.913723+00:00,136704,ec44e5c6b45eae3910dfd8ae4a8d6268f3f14c75a31fe611b40b0e72fd7fca29,
raw/ine/SERIE-EPHC/EPHC-2017/INGREFAM-EPHC-2017.SAV,https://www.ine.gov.py/microdatos/register/SERIE-EPHC/EPHC-2017/INGREFAM-EPHC-2017.SAV,INE microdatos,2026-09-23T18:50:19.503677+00:00,1360198,931d33a5ae9fefad44e32c3905ec80ffa4bd8da069fbbe1a8ad2d9dd1e332d61,
raw/ine/SERIE-EPHC/EPHC-2017/INGREFAM-EPHC-2017.csv,https://www.ine.gov.py/microdatos/register/SERIE-EPHC/EPHC-2017/INGREFAM-EPHC-2017.csv,INE microdatos,2026-09-23T18:50:21.901212+00:00,1886370,2b3c21201f9631d16ebd02c0efebc580021b3f8ff00c9882ff1c2bf7270b4877,
raw/ine/SERIE-EPHC/EPHC-2017/REG01_EPHC2017.SAV,https://www.ine.gov.py/microdatos/register/SERIE-EPHC/EPHC-2017/REG01_EPHC2017.SAV,INE microdatos,2026-09-23T18:50:23.569456+00:00,791154,f9bec13a067cc9e008e99bf3802ef079964bfe9c134480361be947635d659738,
raw/ine/SERIE-EPHC/EPHC-2017/REG01_EPHC2017.csv,https://www.ine.gov.py/microdatos/register/SERIE-EPHC/EPHC-2017/REG01_EPHC2017.csv,INE microdatos,2026-09-23T18:50:25.851988+00:00,1293204,2f34d0a514ef427c9f1f16d0d90cc5de34ba64922b6d2f3a6218329675b5debe,
raw/ine/SERIE-EPHC/EPHC-2017/REG02_EPHC2017.SAV,https://www.ine.gov.py/microdatos/register/SERIE-EPHC/EPHC-2017/REG02_EPHC2017.SAV,INE microdatos,2026-09-23T18:50:39.911637+00:00,12701276,2d56d6ba988b6d59020ebc817e3848e0e4f69eb480a817ac306bf892db4f9ec0,
raw/ine/SERIE-EPHC/EPHC-2017/REG02_EPHC2017.csv,https://www.ine.gov.py/microdatos/register/SERIE-EPHC/EPHC-2017/REG02_EPHC2017.csv,INE microdatos,2026-09-23T18:50:58.986911+00:00,20556231,e7ca25e8e3fcc279e6548d01ecf79ac0c9e66e8c1a21b09760430e2f4dbd47d7,
raw/ine/SERIE-EPHC/EPHC-2017/cuestionario-EPH-2017.pdf,https://www.ine.gov.py/microdatos/register/SERIE-EPHC/EPHC-2017/cuestionario-EPH-2017.pdf,INE microdatos,2026-09-23T18:51:15.302074+00:00,23689016,8e5438fdbd686687831d4ea321905607ca6f57f3874eb72b0e9dea1eb8f39429,
raw/ine/SERIE-EPHC/EPHC-2017/diccionario-EPHC-2017.xls,https://www.ine.gov.py/microdatos/register/SERIE-EPHC/EPHC-2017/diccionario-EPHC-2017.xls,INE microdatos,2026-09-23T18:51:16.860125+00:00,252928,98f4ba48884e64d2ee6cb06b3799d99fb2fbb0efd1286364929a09569ae6a7ef,
raw/ine/SERIE-EPHC/EPHC-2017/diccionario-INGREFAM-2017.doc,https://www.ine.gov.py/microdatos/register/SERIE-EPHC/EPHC-2017/diccionario-INGREFAM-2017.doc,INE microdatos,2026-09-23T18:51:17.988956+00:00,136192,8b7aea0f9f68fa656269072e3c3539225b81d5fe09393498a08dfaa298e2d5d1,
raw/ine/SERIE-EPHC/EPHC-2018/INGREFAM-EPHC-2018.SAV,https://www.ine.gov.py/microdatos/register/SERIE-EPHC/EPHC-2018/INGREFAM-EPHC-2018.SAV,INE microdatos,2026-09-23T18:51:19.742238+00:00,735967,26841bc193c4105e222557aaee46964afe9c131e0ad97407455f1661d17f11fd,
raw/ine/SERIE-EPHC/EPHC-2018/INGREFAM-EPHC-2018.csv,https://www.ine.gov.py/microdatos/register/SERIE-EPHC/EPHC-2018/INGREFAM-EPHC-2018.csv,INE microdatos,2026-09-23T18:51:21.187987+00:00,997570,47bb7eec4d2d2aabf413b824dc0e7ec3d97b310a551c5a825f4845621de69858,
raw/ine/SERIE-EPHC/EPHC-2018/REG01_EPHC2018.SAV,https://www.ine.gov.py/microdatos/register/SERIE-EPHC/EPHC-2018/REG01_EPHC2018.SAV,INE microdatos,2026-09-23T18:51:22.392198+00:00,437907,fcc0a82a2df6a666b9c085002226dfd31ab493f40d7ba61432ec7ddfe49f6502,
raw/ine/SERIE-EPHC/EPHC-2018/REG01_EPHC2018.csv,https://www.ine.gov.py/microdatos/register/SERIE-EPHC/EPHC-2018/REG01_EPHC2018.csv,INE microdatos,2026-09-23T18:51:23.826023+00:00,679829,b8e15f2126641ca70b0017b11e19441c7b0ff21f20673830aa4208b095d8ee98,
raw/ine/SERIE-EPHC/EPHC-2018/REG02_EPHC2018.SAV,https://www.ine.gov.py/microdatos/register/SERIE-EPHC/EPHC-2018/REG02_EPHC2018.SAV,INE microdatos,2026-09-23T18:51:30.133976+00:00,6768195,137ac43e08008e316745e4bbc001a9b572152e4b6d5f0c14a59a84578f38db63,
raw/ine/SERIE-EPHC/EPHC-2018/REG02_EPHC2018.csv,https://www.ine.gov.py/microdatos/register/SERIE-EPHC/EPHC-2018/REG02_EPHC2018.csv,INE microdatos,2026-09-23T18:51:38.646049+00:00,10750638,9c8be53729c7bcc8ee36ed0ba9e2ba7e26d96e7cc89c43fef003d3f8a4e90bed,
raw/ine/SERIE-EPHC/EPHC-2018/cuestionario-EPHC-2018.pdf,https://www.ine.gov.py/microdatos/register/SERIE-EPHC/EPHC-2018/cuestionario-EPHC-2018.pdf,INE microdatos,2026-09-23T18:51:40.282459+00:00,1181917,e47cfd82be0c2ead16a8e3dbcb1935c72f38d04bfe6be7d19f5900933d12bbdb,
raw/ine/SERIE-EPHC/EPHC-2018/diccionario-EPHC-2018.xls,https://www.ine.gov.py/microdatos/register/SERIE-EPHC/EPHC-2018/diccionario-EPHC-2018.xls,INE microdatos,2026-09-23T18:51:41.450568+00:00,252416,ff9742647130dfa763bfda48abbc2e0c5caf69bf3e3677862cead3e1224763fc,
raw/ine/SERIE-EPHC/EPHC-2018/diccionario-INGREFAM-2018.doc,https://www.ine.gov.py/microdatos/register/SERIE-EPHC/EPHC-2018/diccionario-INGREFAM-2018.doc,INE microdatos,2026-09-23T18:51:42.547989+00:00,136192,dace63914d102cfa43c84fc564d17fc846f1c7254e2fb09a055703c109f4855c,
raw/ine/SERIE-EPHC/EPHC-2019/INGREFAM-EPHC-2019.SAV,https://www.ine.gov.py/microdatos/register/SERIE-EPHC/EPHC-2019/INGREFAM-EPHC-2019.SAV,INE microdatos,2026-09-23T18:51:45.040413+00:00,750467,5f62c31832a7c72896c0eb28e55e97741725f6e1082096eb7df4813a672d3525,
raw/ine/SERIE-EPHC/EPHC-2019/INGREFAM-EPHC-2019.csv,https://www.ine.gov.py/microdatos/register/SERIE-EPHC/EPHC-2019/INGREFAM-EPHC-2019.csv,INE microdatos,2026-09-23T18:51:46.486432+00:00,1018112,a8c8aa68467aa597a00d0de46d9a6cc66375c64e2c2bf621f552b60f62f9a0ef,
raw/ine/SERIE-EPHC/EPHC-2019/REG01_EPHC2019.SAV,https://www.ine.gov.py/microdatos/register/SERIE-EPHC/EPHC-2019/REG01_EPHC2019.SAV,INE microdatos,2026-09-23T18:51:48.265509+00:00,446571,1e5cf6e7b47fb7f5dcd48702742ae81c2bbab28e519522eb0f20256b81528c48,
raw/ine/SERIE-EPHC/EPHC-2019/REG01_EPHC2019.csv,https://www.ine.gov.py/microdatos/register/SERIE-EPHC/EPHC-2019/REG01_EPHC2019.csv,INE microdatos,2026-09-23T18:51:49.723922+00:00,693657,44e6efdb404bb3b668753fae688ae83542422178ab6e92ac28e1272174e0c757,
raw/ine/SERIE-EPHC/EPHC-2019/REG02_EPHC2019.SAV,https://www.ine.gov.py/microdatos/register/SERIE-EPHC/EPHC-2019/REG02_EPHC2019.SAV,INE microdatos,2026-09-23T18:51:56.069815+00:00,6653317,e60085cbae53d3e293a72bdcbed66f7c7407808fb901d6acd20d04d34484eb87,
raw/ine/SERIE-EPHC/EPHC-2019/REG02_EPHC2019.csv,https://www.ine.gov.py/microdatos/register/SERIE-EPHC/EPHC-2019/REG02_EPHC2019.csv,INE microdatos,2026-09-23T18:52:05.022350+00:00,10542711,5e1422bb3db50d652ae83cddcf6b7dfe065686e38bd65e84e8de01e48c88d96f,
raw/ine/SERIE-EPHC/EPHC-2019/cuestionario-EPHC-2019.pdf,https://www.ine.gov.py/microdatos/register/SERIE-EPHC/EPHC-2019/cuestionario-EPHC-2019.pdf,INE microdatos,2026-09-23T18:52:06.671893+00:00,1195992,52d0cff6ca47308cfa8c1a853ba1a1c0dfdf4ea283f7bfeae3b218ce884bc253,
raw/ine/SERIE-EPHC/EPHC-2019/diccionario-EPHC-2019.xls,https://www.ine.gov.py/microdatos/register/SERIE-EPHC/EPHC-2019/diccionario-EPHC-2019.xls,INE microdatos,2026-09-23T18:52:07.807719+00:00,252416,6e564d72d2a7bf8b4909d04ca407549e7c1904089d6adf1e969a8707a2d0ef7a,
raw/ine/SERIE-EPHC/EPHC-2019/diccionario-INGREFAM-2019.doc,https://www.ine.gov.py/microdatos/register/SERIE-EPHC/EPHC-2019/diccionario-INGREFAM-2019.doc,INE microdatos,2026-09-23T18:52:08.897939+00:00,135680,5cd112ac91a566e3c8bdf3655e373eb5efe1ecdaf8ca0f497992d91190da935d,
raw/ine/SERIE-EPHC/EPHC-2020/INGREFAM_EPHC2020.SAV,https://www.ine.gov.py/microdatos/register/SERIE-EPHC/EPHC-2020/INGREFAM_EPHC2020.SAV,INE microdatos,2026-09-23T18:52:10.532195+00:00,755308,332dcd85847e9d7b9d05a576db5c21fdc4bff3a79b9b3d69457bbac32a5bbb5c,
raw/ine/SERIE-EPHC/EPHC-2020/INGREFAM_EPHC2020.csv,https://www.ine.gov.py/microdatos/register/SERIE-EPHC/EPHC-2020/INGREFAM_EPHC2020.csv,INE microdatos,2026-09-23T18:52:12.109190+00:00,1047850,d882949edc4eacb6fd08a9e977670c9ecdea8fb83856e5946284da13e4d5ece6,
raw/ine/SERIE-EPHC/EPHC-2020/REG01_EPHC2020.SAV,https://www.ine.gov.py/microdatos/register/SERIE-EPHC/EPHC-2020/REG01_EPHC2020.SAV,INE microdatos,2026-09-23T18:52:13.722142+00:00,421907,e7df130260d91dff2995989f424b65486019c72077c1aedd9372683e69346011,
raw/ine/SERIE-EPHC/EPHC-2020/REG01_EPHC2020.csv,https://www.ine.gov.py/microdatos/register/SERIE-EPHC/EPHC-2020/REG01_EPHC2020.csv,INE microdatos,2026-09-23T18:52:15.609362+00:00,655827,747ca774ac598a51dafca129afb847ab503abf523e53be236370683623af48ba,
raw/ine/SERIE-EPHC/EPHC-2020/REG02_EPHC2020.SAV,https://www.ine.gov.py/microdatos/register/SERIE-EPHC/EPHC-2020/REG02_EPHC2020.SAV,INE microdatos,2026-09-23T18:52:22.681001+00:00,6265565,57b2e5741f784d8b3e2526b3e52c5705c8d591d5a90aa129b026b818abbdb45a,
raw/ine/SERIE-EPHC/EPHC-2020/REG02_EPHC2020.csv,https://www.ine.gov.py/microdatos/register/SERIE-EPHC/EPHC-2020/REG02_EPHC2020.csv,INE microdatos,2026-09-23T18:52:30.817386+00:00,10331130,f8c36f9fc822bb02d239c05f2cc2dc72c0f81fecc8ef6f21255319c5d3d4c77a,
raw/ine/SERIE-EPHC/EPHC-2020/cuestionario-EPHC-2020.pdf,https://www.ine.gov.py/microdatos/register/SERIE-EPHC/EPHC-2020/cuestionario-EPHC-2020.pdf,INE microdatos,2026-09-23T18:52:32.183621+00:00,777673,850033bf2fda29f8c23ab899fa0b96c3bfc2928df6dcd98eba4ab97ee59c2cb2,
raw/ine/SERIE-EPHC/EPHC-2020/diccionario-EPHC-2020.xls,https://www.ine.gov.py/microdatos/register/SERIE-EPHC/EPHC-2020/diccionario-EPHC-2020.xls,INE microdatos,2026-09-23T18:52:33.411007+00:00,258048,bf26eb36276b6ab10aed07ab44a49e99c1125434435e2753d805aa63d606857f,
raw/ine/SERIE-EPHC/EPHC-2020/diccionario-INGREFAM-2020.doc,https://www.ine.gov.py/microdatos/register/SERIE-EPHC/EPHC-2020/diccionario-INGREFAM-2020.doc,INE microdatos,2026-09-23T18:52:34.572740+00:00,141824,0ad2fc73af2e79afee7f8d643a0475a32b3d69bd62cf924c6fec0edbe11f417f,
raw/ine/SERIE-EPHC/EPHC-2021/Cuestionario_EPHC_4Trim-2021.pdf,https://www.ine.gov.py/microdatos/register/SERIE-EPHC/EPHC-2021/Cuestionario_EPHC_4Trim-2021.pdf,INE microdatos,2026-09-23T18:52:36.264798+00:00,1219394,65e9214e27cb7a11ffb4cd65ea3069cfb9e1d15884f8d687524d6b0ab999b256,
raw/ine/SERIE-EPHC/EPHC-2021/INGREFAM_EPHC2021.SAV,https://www.ine.gov.py/microdatos/register/SERIE-EPHC/EPHC-2021/INGREFAM_EPHC2021.SAV,INE microdatos,2026-09-23T18:52:38.906444+00:00,684661,5ba9996099237bda5eb48ffc4f0d8f0653636609a5090361c8032df374611569,
raw/ine/SERIE-EPHC/EPHC-2021/INGREFAM_EPHC2021.csv,https://www.ine.gov.py/microdatos/register/SERIE-EPHC/EPHC-2021/INGREFAM_EPHC2021.csv,INE microdatos,2026-09-23T18:52:41.740557+00:00,930997,741fb19224ae0d39b67aa085d252fea1600e4a6615e3e9dc2fbaf889ab9c3eb5,
raw/ine/SERIE-EPHC/EPHC-2021/REG01_EPHC2021.SAV,https://www.ine.gov.py/microdatos/register/SERIE-EPHC/EPHC-2021/REG01_EPHC2021.SAV,INE microdatos,2026-09-23T18:52:42.957647+00:00,404355,d17737dde0a6fd8db62d64b83109bb6c3c2f7b1b17b216eaec645b13d7e37b05,
raw/ine/SERIE-EPHC/EPHC-2021/REG01_EPHC2021.csv,https://www.ine.gov.py/microdatos/register/SERIE-EPHC/EPHC-2021/REG01_EPHC2021.csv,INE microdatos,2026-09-23T18:52:44.711816+00:00,628344,bc73c9975e06c865d2d23a3210caacc143c3f2c5ae92e887b46d4b61b108ab6a,
raw/ine/SERIE-EPHC/EPHC-2021/REG02_EPHC2021.SAV,https://www.ine.gov.py/microdatos/register/SERIE-EPHC/EPHC-2021/REG02_EPHC2021.SAV,INE microdatos,2026-09-23T18:52:50.169042+00:00,5761750,de8050db141b299f4ff2a26f33a51ca92b627a070dcb2970e9563ff4629d9010,
raw/ine/SERIE-EPHC/EPHC-2021/REG02_EPHC2021.csv,https://www.ine.gov.py/microdatos/register/SERIE-EPHC/EPHC-2021/REG02_EPHC2021.csv,INE microdatos,2026-09-23T18:52:56.400988+00:00,9449086,873f2389ea6fd6c036c6e82199850f7c7aa99f9476d9d27f0264ccc4dd1c7589,
raw/ine/SERIE-EPHC/EPHC-2021/diccionario-EPHC-2021.xls,https://www.ine.gov.py/microdatos/register/SERIE-EPHC/EPHC-2021/diccionario-EPHC-2021.xls,INE microdatos,2026-09-23T18:52:57.621852+00:00,258560,29a29d5368816cb4e68af8acd73b975be603e20715f8cf442c8689cec876f8a9,
raw/ine/SERIE-EPHC/EPHC-2021/diccionario-INGREFAM-2021.doc,https://www.ine.gov.py/microdatos/register/SERIE-EPHC/EPHC-2021/diccionario-INGREFAM-2021.doc,INE microdatos,2026-09-23T18:52:58.797349+00:00,141312,d4cdb7419301ad96ca5ada6cc81c0edc938fcb26efc33b09f49cfc692d1aced1,
