vintage_id,source_id,source_sheet,table_title,parser_mode,parse_status,hierarchy_status,raw_nonempty_cells,parsed_observations,series_count,first_period,last_period,unit_summary,coverage_note
banking_indicators:c57dc0f6a422ac9e54dafccd,banking_indicators,1,CRÉDITOS — Personas con crédito y cantidad total de operaciones,vertical_date,documented_series,unresolved,1662,1512,12,2016-01-01,2026-06-01,count,"Periods, labels, units and values extracted under a documented orientation contract."
banking_indicators:c57dc0f6a422ac9e54dafccd,banking_indicators,2,CRÉDITOS — Personas físicas con crédito por género,vertical_date,documented_series,unresolved,513,378,3,2016-01-01,2026-06-01,source_units,"Periods, labels, units and values extracted under a documented orientation contract."
banking_indicators:c57dc0f6a422ac9e54dafccd,banking_indicators,3,CRÉDITOS — Cantidad de operaciones por tipo de crédito,vertical_date,documented_series,unresolved,897,756,6,2016-01-01,2026-06-01,count|source_units,"Periods, labels, units and values extracted under a documented orientation contract."
banking_indicators:c57dc0f6a422ac9e54dafccd,banking_indicators,4,DEPÓSITOS — Personas con cuentas y cantidad total de cuentas,vertical_date,documented_series,unresolved,898,756,6,2016-01-01,2026-06-01,count|source_units,"Periods, labels, units and values extracted under a documented orientation contract."
banking_indicators:c57dc0f6a422ac9e54dafccd,banking_indicators,5,DEPÓSITOS — Personas con depósitos por género,vertical_date,documented_series,unresolved,513,378,3,2016-01-01,2026-06-01,source_units,"Periods, labels, units and values extracted under a documented orientation contract."
banking_indicators:c57dc0f6a422ac9e54dafccd,banking_indicators,6,DEPÓSITOS — Cantidad de cuentas por tipo de depósito,vertical_date,documented_series,unresolved,898,756,6,2016-01-01,2026-06-01,source_units,"Periods, labels, units and values extracted under a documented orientation contract."
banking_indicators:c57dc0f6a422ac9e54dafccd,banking_indicators,7,Personas con algún depósito o crédito,vertical_date,documented_series,unresolved,512,378,3,2016-01-01,2026-06-01,count|source_units,"Periods, labels, units and values extracted under a documented orientation contract."
banking_indicators:c57dc0f6a422ac9e54dafccd,banking_indicators,Portada,Indicadores de Bancarización — Datos:desde enero 2016hasta junio 2026,metadata_only,unparsed,not_applicable,3,0,0,NA,NA,NA,No statistical observations claimed for this worksheet.
banking_indicators:c57dc0f6a422ac9e54dafccd,banking_indicators,Índice,CRÉDITOS — Personas con crédito y cantidad total de operaciones,metadata_only,unparsed,not_applicable,18,0,0,NA,NA,NA,No statistical observations claimed for this worksheet.
bcp_fx_daily:a45bea1e1508bb019befcac9,bcp_fx_daily,OpDivisas2013(DatosDiarios),Monto de Operaciones de Divisas del Banco Central del Paraguay (millones de USD) - Año 2013,vertical_date,documented_series,unresolved,3271,3000,12,2013-01-02,2013-12-30,USD,"Periods, labels, units and values extracted under a documented orientation contract."
bcp_fx_daily:a45bea1e1508bb019befcac9,bcp_fx_daily,OpDivisas2014(DatosDiarios),Monto de Operaciones de Divisas del Banco Central del Paraguay (millones de USD) - Año 2014,vertical_date,documented_series,unresolved,3258,2988,12,2014-01-02,2014-12-30,USD,"Periods, labels, units and values extracted under a documented orientation contract."
bcp_fx_daily:a45bea1e1508bb019befcac9,bcp_fx_daily,OpDivisas2015(DatosDiarios),Monto de Operaciones de Divisas del Banco Central del Paraguay (millones de USD) - Año 2015,vertical_date,documented_series,unresolved,3258,2988,12,2015-01-02,2015-12-30,USD,"Periods, labels, units and values extracted under a documented orientation contract."
bcp_fx_daily:a45bea1e1508bb019befcac9,bcp_fx_daily,OpDivisas2016(DatosDiarios),Monto de Operaciones de Divisas del Banco Central del Paraguay (millones de USD) - Año 2016,vertical_date,documented_series,unresolved,3310,3036,12,2016-01-04,2016-12-29,USD,"Periods, labels, units and values extracted under a documented orientation contract."
bcp_fx_daily:a45bea1e1508bb019befcac9,bcp_fx_daily,OpDivisas2017(DatosDiarios),Monto de Operaciones de Divisas del Banco Central del Paraguay (millones de USD) - Año 2017,vertical_date,documented_series,unresolved,3258,2988,12,2017-01-02,2017-12-28,USD,"Periods, labels, units and values extracted under a documented orientation contract."
bcp_fx_daily:a45bea1e1508bb019befcac9,bcp_fx_daily,OpDivisas2018(DatosDiarios),Monto de Operaciones de Divisas del Banco Central del Paraguay (millones de USD) - Año 2018,vertical_date,documented_series,unresolved,3271,3000,12,2018-01-02,2018-12-28,USD,"Periods, labels, units and values extracted under a documented orientation contract."
bcp_fx_daily:a45bea1e1508bb019befcac9,bcp_fx_daily,OpDivisas2019(DatosDiarios),Monto de Operaciones de Divisas del Banco Central del Paraguay (millones de USD) - Año 2019,vertical_date,documented_series,unresolved,3271,3000,12,2019-01-02,2019-12-30,USD,"Periods, labels, units and values extracted under a documented orientation contract."
bcp_fx_daily:a45bea1e1508bb019befcac9,bcp_fx_daily,OpDivisas2020(DatosDiarios),Monto de Operaciones de Divisas del Banco Central del Paraguay (millones de USD) - Año 2020,vertical_date,documented_series,unresolved,3271,3000,12,2020-01-02,2020-12-30,USD,"Periods, labels, units and values extracted under a documented orientation contract."
bcp_fx_daily:a45bea1e1508bb019befcac9,bcp_fx_daily,OpDivisas2021(DatosDiarios),Monto de Operaciones de Divisas del Banco Central del Paraguay (millones de USD) - Año 2021,vertical_date,documented_series,unresolved,3310,3036,12,2021-01-04,2021-12-30,USD,"Periods, labels, units and values extracted under a documented orientation contract."
bcp_fx_daily:a45bea1e1508bb019befcac9,bcp_fx_daily,OpDivisas2022(DatosDiarios),Monto de Operaciones de Divisas del Banco Central del Paraguay (millones de USD) - Año 2022,vertical_date,documented_series,unresolved,3284,3012,12,2022-01-03,2022-12-29,USD,"Periods, labels, units and values extracted under a documented orientation contract."
bcp_fx_daily:a45bea1e1508bb019befcac9,bcp_fx_daily,OpDivisas2023(DatosDiarios),Monto de Operaciones de Divisas del Banco Central del Paraguay (millones de USD) - Año 2023,vertical_date,documented_series,unresolved,3258,2988,12,2023-01-02,2023-12-28,USD,"Periods, labels, units and values extracted under a documented orientation contract."
bcp_fx_daily:a45bea1e1508bb019befcac9,bcp_fx_daily,OpDivisas2024(DatosDiarios),Monto de Operaciones de Divisas del Banco Central del Paraguay (millones de USD) - Año 2024,vertical_date,documented_series,unresolved,3271,3000,12,2024-01-02,2024-12-30,USD,"Periods, labels, units and values extracted under a documented orientation contract."
bcp_fx_daily:a45bea1e1508bb019befcac9,bcp_fx_daily,OpDivisas2025(DatosDiarios),Monto de Operaciones de Divisas del Banco Central del Paraguay (millones de USD) - Año 2025,vertical_date,documented_series,unresolved,3232,2964,12,2025-01-02,2025-12-30,USD,"Periods, labels, units and values extracted under a documented orientation contract."
bcp_fx_daily:a45bea1e1508bb019befcac9,bcp_fx_daily,OpDivisas2026(DatosDiarios),Monto de Operaciones de Divisas del Banco Central del Paraguay (millones de USD) - Año 2026,vertical_date,documented_series,unresolved,2010,1836,12,2026-01-02,2026-08-14,USD,"Periods, labels, units and values extracted under a documented orientation contract."
compensatory_fx_sales:474d8c47b1ad9622b1bb8b29,compensatory_fx_sales,Ventas(DatosMensuales),Monto de Operaciones de Divisas Compensatorias y Complementarias del Banco Central del Paraguay (millones de USD) — AÑO 2015 — AÑO 2016,year_month_blocks,documented_series,unresolved,627,417,3,2015-01-31,2026-07-31,USD,"Periods, labels, units and values extracted under a documented orientation contract."
credit_survey:58a83c5bcd64e4423fc13c40,credit_survey,%,Situación General de Créditos - SGC,credit_question_quarter,documented_series,flat,19725,14570,285,2013-03-31,2026-06-30,proportion,"Periods, labels, units and values extracted under a documented orientation contract."
credit_survey:58a83c5bcd64e4423fc13c40,credit_survey,Índices,Situación General de Créditos - SGC,credit_index_quarter,documented_series,flat,1340,1236,27,2015-03-31,2026-06-30,index_points,"Periods, labels, units and values extracted under a documented orientation contract."
direct_investment:fbc612f5e64f6905a2e84928,direct_investment,Cuadro 1,Estadísticas de Inversión Directa en Paraguay — 1995 - 2024 — Cuadro 1. Flujos de Inversión Directa por componentes — En Dólares de Estados Unidos de América,horizontal_year_quarter,documented_series,unresolved,2538,2320,32,1996-03-31,2024-12-31,USD,"Periods, labels, units and values extracted under a documented orientation contract."
direct_investment:fbc612f5e64f6905a2e84928,direct_investment,Cuadro 2,Estadísticas de Inversión Directa en Paraguay — 1995 - 2024 — Cuadro 2. Saldos de Inversión Directa por componentes — En Dólares de Estados Unidos de América,horizontal_year_quarter,documented_series,unresolved,2555,2336,32,1995-12-31,2024-12-31,USD,"Periods, labels, units and values extracted under a documented orientation contract."
direct_investment:fbc612f5e64f6905a2e84928,direct_investment,Cuadro 3,"Estadísticas de Inversión Directa en Paraguay — 1995 - 2024 — Cuadro 3. Utilidades devengadas, remesadas y reinvertidas — En Dólares de Estados Unidos de América",horizontal_year_quarter,documented_series,unresolved,1950,1740,24,1996-03-31,2024-12-31,USD,"Periods, labels, units and values extracted under a documented orientation contract."
direct_investment:fbc612f5e64f6905a2e84928,direct_investment,Cuadro 4,Estadísticas de Inversión Directa en Paraguay — 1995 - 2024 — Cuadro 4. Flujos de Inversión Directa por residencia del inversionista — En Dólares de Estados Unidos de América,horizontal_year_quarter,documented_series,unresolved,10044,9787,146,1996-03-31,2024-12-31,USD,"Periods, labels, units and values extracted under a documented orientation contract."
direct_investment:fbc612f5e64f6905a2e84928,direct_investment,Cuadro 5,Estadísticas de Inversión Directa en Paraguay — 1995 - 2024 — Cuadro 5. Saldos de Inversión Directa por residencia del inversionista — En Dólares de Estados Unidos de América,horizontal_year_quarter,documented_series,unresolved,7979,7721,146,1995-12-31,2024-12-31,USD,"Periods, labels, units and values extracted under a documented orientation contract."
direct_investment:fbc612f5e64f6905a2e84928,direct_investment,Cuadro 6,Estadísticas de Inversión Directa en Paraguay — 1995 - 2024 — Cuadro 6. Flujos de Inversión Directa por actividad económica — En Dólares de Estados Unidos de América,horizontal_year_quarter,documented_series,unresolved,5181,4930,68,1996-03-31,2024-12-31,USD,"Periods, labels, units and values extracted under a documented orientation contract."
direct_investment:fbc612f5e64f6905a2e84928,direct_investment,Cuadro 7,Estadísticas de Inversión Directa en Paraguay — 1995 - 2024 — Cuadro 7. Saldos de Inversión Directa por actividad económica — En Dólares de Estados Unidos de América,horizontal_year_quarter,documented_series,unresolved,4526,4275,68,1995-12-31,2024-12-31,USD,"Periods, labels, units and values extracted under a documented orientation contract."
direct_investment:fbc612f5e64f6905a2e84928,direct_investment,Indice,"Estadísticas de Inversión Directa en Paraguay — Periodo 1995 - 2024 — Indice de contenido — Cuadro 1. Flujos de Inversión Directa por componentes — Cuadro 2. Saldos de Inversión Directa por componentes — Cuadro 3. Utilidades devengadas, remesadas y reinvertidas",metadata_only,unparsed,not_applicable,37,0,0,NA,NA,NA,No statistical observations claimed for this worksheet.
economic_annex:25818cb75022083e13cab48e,economic_annex,CUADRO 1,Cuadro Nº 1 — Producto interno bruto a precios de comprador — Por sectores económicos — En millones de guaraníes constantes de 2014,horizontal_year,documented_series,unresolved,822,756,21,1991-12-31,2026-12-31,PYG,"Periods, labels, units and values extracted under a documented orientation contract."
economic_annex:25818cb75022083e13cab48e,economic_annex,CUADRO 10 ,Cuadro Nº 10 — Estimador Cifras de Negocios (ECN) — Índice base 2014 = 100.,vertical_date,documented_series,unresolved,1276,894,3,2001-01-01,2026-06-01,index,"Periods, labels, units and values extracted under a documented orientation contract."
economic_annex:25818cb75022083e13cab48e,economic_annex,CUADRO 10 a,Cuadro Nº 10 a — Estimador Cifras de Negocios (ECN) — Índice Real Subramas Comerciales y Servicios de Telefonía Móvil — Base 2014=100,vertical_date,documented_series,unresolved,2837,2448,8,2001-01-01,2026-06-01,index,"Periods, labels, units and values extracted under a documented orientation contract."
economic_annex:25818cb75022083e13cab48e,economic_annex,CUADRO 11,Cuadro Nº 11 — Evolución del salario mínimo legal. — Base 1980 = 100.,vertical_block,documented_series,unresolved,521,370,8,1980-06-30,2026-12-31,index,"Periods, labels, units and values extracted under a documented orientation contract."
economic_annex:25818cb75022083e13cab48e,economic_annex,CUADRO 12,Cuadro Nº 12 — Índice de Sueldos y Salarios — Base Junio 2001 = 100,vertical_block,documented_series,unresolved,928,835,22,2001-06-30,2025-12-31,index|percent,"Periods, labels, units and values extracted under a documented orientation contract."
economic_annex:25818cb75022083e13cab48e,economic_annex,CUADRO 13,Cuadro Nº 13 — Índice nominal de tarifas y precios. — Base Diciembre de 2017=100 — Serie empalmada,vertical_date,documented_series,unresolved,2694,2217,5,1988-01-01,2026-07-01,index,"Periods, labels, units and values extracted under a documented orientation contract."
economic_annex:25818cb75022083e13cab48e,economic_annex,CUADRO 13 a,Cuadro Nº 13 a — Índice de Precios al Consumidor — Base Diciembre de 2017=100 — Serie empalmada,vertical_date,documented_series,unresolved,2304,1826,4,1988-01-01,2026-07-01,index|percent,"Periods, labels, units and values extracted under a documented orientation contract."
economic_annex:25818cb75022083e13cab48e,economic_annex,CUADRO 14,Cuadro Nº 14 — Índice de precios al consumidor. — Área Metropolitana de Asunción. — Base diciembre 2017 = 100.,vertical_date,documented_series,unresolved,6484,6080,16,1994-12-01,2026-07-01,index|percent,"Periods, labels, units and values extracted under a documented orientation contract."
economic_annex:25818cb75022083e13cab48e,economic_annex,CUADRO 14 a,"Cuadro Nº 14 a — Índice de Precios al Consumidor (IPC)- Área Metropolitana de Asunción. — Inflación total, inflación bienes transables s/fyv, inflación bienes no transables, inflación bienes nacional, e inflación bienes importados s/fyv. — Series empalmadas - 2017 = 100.",vertical_date,documented_series,unresolved,7969,7558,20,1995-01-01,2026-07-01,index|percent,"Periods, labels, units and values extracted under a documented orientation contract."
economic_annex:25818cb75022083e13cab48e,economic_annex,CUADRO 14 b,"Cuadro Nº 14 b — Índice de Precios al Consumidor (IPC) - Área Metropolitana de Asunción. — Inflación total, inflación bienes alimenticios, inflación bienes alimenticios s/fyv, inflación bienes distintos de alimentos, inflación total de bienes, inflación de servicios, inflación de renta, e inflación servicios y renta. — Base Diciembre 2017 = 100 — Serie Empalmada",vertical_date,documented_series,unresolved,16484,16042,44,1995-01-01,2026-07-01,index|percent,"Periods, labels, units and values extracted under a documented orientation contract."
economic_annex:25818cb75022083e13cab48e,economic_annex,CUADRO 14 c,Cuadro Nº 14 c — Índice de Precios al Consumidor (IPC) - Área Metropolitana de Asunción — Bienes y Servicios Administrados - Serie Empalmada — Base diciembre 2017 = 100.,vertical_date,documented_series,unresolved,1427,1132,4,2003-01-01,2026-07-01,index,"Periods, labels, units and values extracted under a documented orientation contract."
economic_annex:25818cb75022083e13cab48e,economic_annex,CUADRO 15,"Cuadro Nº 15 — Índice de precios al consumidor - Área Metropolitana de Asunción. — Inflación total, inflación subyacente e inflación subyacente (X1). — Base Diciembre 2017 = 100. — Serie Empalmada",vertical_date,documented_series,unresolved,9994,9546,24,1992-12-01,2026-07-01,index|percent,"Periods, labels, units and values extracted under a documented orientation contract."
economic_annex:25818cb75022083e13cab48e,economic_annex,CUADRO 16,Cuadro Nº 16 — Índice de precios al consumidor - Área Metropolitana de Asunción. — Principales grupos dentro de cada agrupación. — Año base Diciembre 2017 = 100.,vertical_date,documented_series,unresolved,4581,4180,11,1994-12-01,2026-07-01,index,"Periods, labels, units and values extracted under a documented orientation contract."
economic_annex:25818cb75022083e13cab48e,economic_annex,CUADRO 16 (Cont.),Cuadro Nº 16 (continuación) — Índice de precios al consumidor - Área Metropolitana de Asunción. — Principales grupos dentro de cada agrupación. — Año base Diciembre 2017 =100.,vertical_date,documented_series,unresolved,5727,5320,14,1994-12-01,2026-07-01,count|index,"Periods, labels, units and values extracted under a documented orientation contract."
economic_annex:25818cb75022083e13cab48e,economic_annex,CUADRO 16 a,Cuadro Nº 16 a — Índice de precios al consumidor - Área Metropolitana de Asunción. — Carne Vacuna - Cortes — Año base Diciembre 2017 =100.,vertical_date,documented_series,unresolved,6159,5752,20,1994-12-01,2026-07-01,index,"Periods, labels, units and values extracted under a documented orientation contract."
economic_annex:25818cb75022083e13cab48e,economic_annex,CUADRO 17 ,Cuadro Nº 17 — Índice de precios del productor. — Base Marzo 2025= 100.,vertical_date,documented_series,unresolved,6308,5911,22,1995-12-01,2026-06-01,index,"Periods, labels, units and values extracted under a documented orientation contract."
economic_annex:25818cb75022083e13cab48e,economic_annex,CUADRO 18,Cuadro N° 18 — Balance monetario del Banco Central del Paraguay. — En millones de guaraníes. — Activos internacionales netos — Activos internos netos — Billetes y monedas en circulación (MO),vertical_date,documented_series,unresolved,6237,5804,29,1990-12-31,2026-06-30,PYG|source_units,"Periods, labels, units and values extracted under a documented orientation contract."
economic_annex:25818cb75022083e13cab48e,economic_annex,CUADRO 19 ,Cuadro N° 19 — Instrumentos de regulación monetaria. — En millones de guaraníes.,vertical_date,documented_series,unresolved,6617,5619,19,1993-01-01,2026-07-01,percent|PYG,"Periods, labels, units and values extracted under a documented orientation contract."
economic_annex:25818cb75022083e13cab48e,economic_annex,CUADRO 2,Cuadro Nº 2 — Producto interno bruto a precios de comprador — Por sectores económicos. — En millones de guaraníes corrientes.,horizontal_year,documented_series,unresolved,802,736,21,1991-12-31,2026-12-31,PYG,"Periods, labels, units and values extracted under a documented orientation contract."
economic_annex:25818cb75022083e13cab48e,economic_annex,CUADRO 20,Cuadro N° 20 — Operaciones cambiarias del Banco Central del Paraguay. — En millones de dólares.,vertical_block,documented_series,unresolved,6063,5480,30,1990-12-31,2026-12-31,USD,"Periods, labels, units and values extracted under a documented orientation contract."
economic_annex:25818cb75022083e13cab48e,economic_annex,CUADRO 21,Cuadro N° 21 — Agregados monetarios 1/ — En millones de guaraníes.,vertical_date,documented_series,unresolved,4185,3780,10,1995-01-01,2026-06-30,PYG|source_units,"Periods, labels, units and values extracted under a documented orientation contract."
economic_annex:25818cb75022083e13cab48e,economic_annex,CUADRO 22,"Cuadro N° 22 — Agregados monetarios. — Tasas de variación, (%).",vertical_date,documented_series,unresolved,4054,3660,10,1996-01-01,2026-06-30,percent,"Periods, labels, units and values extracted under a documented orientation contract."
economic_annex:25818cb75022083e13cab48e,economic_annex,CUADRO 23,Cuadro N° 23 — Depósitos /1 del sector privado y público en bancos y financieras.,vertical_date,documented_series,unresolved,6646,6239,17,1995-12-01,2026-06-30,percent|PYG|PYG_per_USD|source_units,"Periods, labels, units and values extracted under a documented orientation contract."
economic_annex:25818cb75022083e13cab48e,economic_annex,CUADRO 23a,Cuadro N° 23a — Depósitos /1 del sector privado en bancos y financieras.,vertical_date,documented_series,unresolved,5955,5550,15,1995-03-01,2026-06-30,percent|PYG|PYG_per_USD|source_units,"Periods, labels, units and values extracted under a documented orientation contract."
economic_annex:25818cb75022083e13cab48e,economic_annex,CUADRO 23b,Cuadro N° 23b — Depósitos/1 en Cooperativas de Ahorro y Crédito Tipo A.,vertical_date,documented_series,unresolved,782,672,7,2017-12-01,2025-11-01,percent|PYG,"Periods, labels, units and values extracted under a documented orientation contract."
economic_annex:25818cb75022083e13cab48e,economic_annex,CUADRO 24,Cuadro N° 24 — Créditos de bancos y financieras al sector privado y público.,vertical_date,documented_series,unresolved,2976,2590,7,1995-03-01,2026-06-30,percent|PYG|PYG_per_USD|source_units,"Periods, labels, units and values extracted under a documented orientation contract."
economic_annex:25818cb75022083e13cab48e,economic_annex,CUADRO 24a,Cuadro N° 24a — Créditos de bancos y financieras al sector privado,vertical_date,documented_series,unresolved,2976,2590,7,1995-03-01,2026-06-30,percent|PYG|PYG_per_USD|source_units,"Periods, labels, units and values extracted under a documented orientation contract."
economic_annex:25818cb75022083e13cab48e,economic_annex,CUADRO 24b,Cuadro N° 24b — Créditos/1 otorgados por Cooperativas de Ahorro y Crédito Tipo A.,vertical_date,documented_series,unresolved,782,672,7,2017-12-01,2025-11-01,percent|PYG,"Periods, labels, units and values extracted under a documented orientation contract."
economic_annex:25818cb75022083e13cab48e,economic_annex,CUADRO 25,Cuadro N° 25 — Créditos y depósitos del sector privado y público en bancos y financieras — Tasas de variación en porcentaje. *,vertical_date,documented_series,unresolved,4636,4248,12,1997-01-01,2026-06-30,percent,"Periods, labels, units and values extracted under a documented orientation contract."
economic_annex:25818cb75022083e13cab48e,economic_annex,CUADRO 26,Cuadro N° 26 — Gastos de la Política Monetaria del BCP — En millones de guaraníes.,vertical_date,documented_series,unresolved,2257,1920,12,2002-01-01,2026-12-31,PYG|source_units,"Periods, labels, units and values extracted under a documented orientation contract."
economic_annex:25818cb75022083e13cab48e,economic_annex,CUADRO 27,Cuadro N° 27 — Posición del BCP ante el sistema financiero. — En millones de guaraníes.,vertical_date,documented_series,unresolved,4357,3940,20,1990-12-31,2026-06-30,PYG|source_units,"Periods, labels, units and values extracted under a documented orientation contract."
economic_annex:25818cb75022083e13cab48e,economic_annex,CUADRO 28,Cuadro N° 28 — Panorama Monetario - Activos 1/ — En millones de guaraníes.,vertical_date,documented_series,unresolved,3040,2646,7,1995-01-01,2026-06-30,PYG,"Periods, labels, units and values extracted under a documented orientation contract."
economic_annex:25818cb75022083e13cab48e,economic_annex,CUADRO 29,Cuadro N° 29 — Panorama Monetario - Pasivos 1/ — En millones de guaraníes.,vertical_date,documented_series,unresolved,3040,2646,7,1995-01-01,2026-06-30,PYG,"Periods, labels, units and values extracted under a documented orientation contract."
economic_annex:25818cb75022083e13cab48e,economic_annex,CUADRO 29 (Cont.),Cuadro N° 29 (continuación) — Panorama Monetario - Pasivos 1/ — En millones de guaraníes.,vertical_date,documented_series,unresolved,3419,3024,8,1995-01-01,2026-06-30,PYG|source_units,"Periods, labels, units and values extracted under a documented orientation contract."
economic_annex:25818cb75022083e13cab48e,economic_annex,CUADRO 3,Cuadro Nº 3 — Evolución del producto interno bruto — Por rama de actividad económica. — Variación porcentual.,horizontal_year,documented_series,unresolved,800,735,21,1992-12-31,2026-12-31,source_units,"Periods, labels, units and values extracted under a documented orientation contract."
economic_annex:25818cb75022083e13cab48e,economic_annex,CUADRO 30,Cuadro N° 30 — Créditos y depósitos del sector privado y público en bancos y financieras. — Moneda extranjera (dólares) — Tasas de variación en porcentaje.,vertical_date,documented_series,unresolved,1785,1416,4,1997-01-01,2026-06-30,percent,"Periods, labels, units and values extracted under a documented orientation contract."
economic_annex:25818cb75022083e13cab48e,economic_annex,CUADRO 31,Cuadro Nº 31 — Tasas efectivas de interés. — Sistema bancario - moneda nacional. — Promedios mensuales (en porcentaje anual).,vertical_date,documented_series,unresolved,2333,1451,10,1990-12-31,2026-05-01,percent,"Periods, labels, units and values extracted under a documented orientation contract."
economic_annex:25818cb75022083e13cab48e,economic_annex,CUADRO 31 (Cont.),Cuadro N° 31 (continuación) — Tasas efectivas de interés. — Sistema bancario - moneda extranjera. — Promedios mensuales (en porcentaje anual).,vertical_date,documented_series,unresolved,1356,949,5,1990-12-31,2026-05-01,percent,"Periods, labels, units and values extracted under a documented orientation contract."
economic_annex:25818cb75022083e13cab48e,economic_annex,CUADRO 32,Cuadro N° 32 — Operaciones de la Bolsa de Valores de Asunción. — En millones de guaraníes.,vertical_date,documented_series,unresolved,7657,7222,38,1994-01-01,2026-05-01,PYG|USD,"Periods, labels, units and values extracted under a documented orientation contract."
economic_annex:25818cb75022083e13cab48e,economic_annex,CUADRO 32 A,Cuadro N° 32 A — Instrumentos Bursátiles-Documentos en Custodia — Total Guaraníes (MN+ME),vertical_date,documented_series,unresolved,1476,1140,8,2013-01-01,2026-06-01,PYG,"Periods, labels, units and values extracted under a documented orientation contract."
economic_annex:25818cb75022083e13cab48e,economic_annex,CUADRO 33,Cuadro N° 33 — Principales indicadores del sistema bancario nacional. — En porcentaje. — Morosidad 1/ — Solvencia 2/ — Rentabilidad 3/,vertical_date,documented_series,unresolved,2278,1854,6,1999-01-01,2026-05-01,percent,"Periods, labels, units and values extracted under a documented orientation contract."
economic_annex:25818cb75022083e13cab48e,economic_annex,CUADRO 34,Cuadro N° 34 — Principales indicadores de las empresas financieras. — En porcentaje.,vertical_date,documented_series,unresolved,2058,1746,7,2002-01-01,2026-05-01,percent,"Periods, labels, units and values extracted under a documented orientation contract."
economic_annex:25818cb75022083e13cab48e,economic_annex,CUADRO 35,Cuadro Nº 35 — Depósitos del sector público no financiero en el Banco Central del Paraguay — En millones de guaraníes.,vertical_date,documented_series,unresolved,3800,3327,18,1990-12-31,2026-05-01,PYG|source_units,"Periods, labels, units and values extracted under a documented orientation contract."
economic_annex:25818cb75022083e13cab48e,economic_annex,CUADRO 36,Cuadro Nº 36 — Ejecución Presupuestaria de la Administración Central — En miles millones de Guaraníes,vertical_block,documented_series,unresolved,3269,3078,38,2003-12-31,2026-12-31,PYG,"Periods, labels, units and values extracted under a documented orientation contract."
economic_annex:25818cb75022083e13cab48e,economic_annex,CUADRO 37,Cuadro Nº 37 — Balanza de pagos - presentación normalizada-(MBP6) ** — En millones de dólares.,horizontal_year_quarter,documented_series,unresolved,3647,3445,76,2008-03-31,2026-03-31,USD,"Periods, labels, units and values extracted under a documented orientation contract."
economic_annex:25818cb75022083e13cab48e,economic_annex,CUADRO 38,Cuadro Nº 38 — Resumen de la cuenta corriente por componentes normalizados- MBP6** — En millones de dólares.,horizontal_year_quarter,documented_series,unresolved,5643,5460,120,2008-03-31,2026-03-31,USD,"Periods, labels, units and values extracted under a documented orientation contract."
economic_annex:25818cb75022083e13cab48e,economic_annex,CUADRO 39,Cuadro Nº 39 — Resumen de la Cuenta Financiera por componentes normalizados-MBP6** — En millones de dólares.,horizontal_year_quarter,documented_series,unresolved,3617,3458,76,2008-03-31,2026-03-31,USD,"Periods, labels, units and values extracted under a documented orientation contract."
economic_annex:25818cb75022083e13cab48e,economic_annex,CUADRO 40,Cuadro Nº 40 — Balanza de pagos de Paraguay.** — Presentación analítica - (MBP6) — En millones de dólares.,horizontal_year_quarter,documented_series,unresolved,4172,4004,88,2008-03-31,2026-03-31,USD,"Periods, labels, units and values extracted under a documented orientation contract."
economic_annex:25818cb75022083e13cab48e,economic_annex,CUADRO 41,Cuadro Nº 41 — Posición de inversión internacional (saldos a fin de periodo)-(MBP6)** — En millones de dólares.,horizontal_year_quarter,documented_series,unresolved,3986,3822,84,2008-03-31,2026-03-31,USD,"Periods, labels, units and values extracted under a documented orientation contract."
economic_annex:25818cb75022083e13cab48e,economic_annex,CUADRO 42,Cuadro Nº 42 — Inversión directa: Conciliación entre el principio activo/pasivo y el principio direcccional ** — En millones de dólares.,horizontal_year,documented_series,unresolved,569,510,30,2008-12-31,2024-12-31,USD,"Periods, labels, units and values extracted under a documented orientation contract."
economic_annex:25818cb75022083e13cab48e,economic_annex,CUADRO 4a,Cuadro Nº 4a — Producto interno bruto a precios de comprador — Por sectores económicos. — Estructura económica en base al valor corriente (%),horizontal_year,documented_series,unresolved,801,736,21,1991-12-31,2026-12-31,percent,"Periods, labels, units and values extracted under a documented orientation contract."
economic_annex:25818cb75022083e13cab48e,economic_annex,CUADRO 4b,Cuadro Nº 4b — Producto interno bruto a precios de comprador — Por sectores económicos. — Estructura económica en base al valor constante (%),horizontal_year,documented_series,unresolved,822,756,21,1991-12-31,2026-12-31,percent,"Periods, labels, units and values extracted under a documented orientation contract."
economic_annex:25818cb75022083e13cab48e,economic_annex,CUADRO 5,Cuadro Nº 5 — Producto interno bruto por tipo de gasto — En millones de guaraníes corrientes,horizontal_year,documented_series,unresolved,740,672,19,1991-12-31,2026-12-31,PYG,"Periods, labels, units and values extracted under a documented orientation contract."
economic_annex:25818cb75022083e13cab48e,economic_annex,CUADRO 55,Cuadro Nº 55 — Ingreso de divisas - entidades binacionales. — En miles de dólares.,vertical_block,documented_series,unresolved,1643,1207,6,1994-01-31,2026-12-31,USD,"Periods, labels, units and values extracted under a documented orientation contract."
economic_annex:25818cb75022083e13cab48e,economic_annex,CUADRO 56a,Cuadro Nº 56a — Reservas Internacionales Netas 1/ — En millones de dólares.,vertical_date,documented_series,unresolved,4062,3562,18,1990-12-31,2026-08-07,USD,"Periods, labels, units and values extracted under a documented orientation contract."
economic_annex:25818cb75022083e13cab48e,economic_annex,CUADRO 56b,Cuadro Nº 56b — Reservas Internacionales Netas — En millones de dólares.,vertical_date,documented_series,unresolved,1368,1060,5,2009-01-01,2026-08-07,USD,"Periods, labels, units and values extracted under a documented orientation contract."
economic_annex:25818cb75022083e13cab48e,economic_annex,CUADRO 57a,Cuadro Nº 57a — Retornos interanuales de Reservas Internacionales,horizontal_year_month,documented_series,unresolved,33,12,1,2021-01-31,2021-12-31,source_units,"Periods, labels, units and values extracted under a documented orientation contract."
economic_annex:25818cb75022083e13cab48e,economic_annex,CUADRO 57b,Cuadro Nº 57b — Intereses cobrados por colocaciones de las reservas internacionales netas. — En miles de dólares.,horizontal_year_month,documented_series,unresolved,430,348,1,1991-01-31,2020-12-31,USD,"Periods, labels, units and values extracted under a documented orientation contract."
economic_annex:25818cb75022083e13cab48e,economic_annex,CUADRO 58,Cuadro N° 58 — Remesas Familiares — Ingreso de divisas. — En miles de dólares.,vertical_block,documented_series,unresolved,3869,3600,30,2008-01-31,2026-12-31,EUR|USD,"Periods, labels, units and values extracted under a documented orientation contract."
economic_annex:25818cb75022083e13cab48e,economic_annex,CUADRO 59,CUADRO N° 59 — Deuda pública externa (*) — En miles de dólares.,vertical_block,documented_series,unresolved,2092,1655,7,1994-01-31,2026-12-31,USD,"Periods, labels, units and values extracted under a documented orientation contract."
economic_annex:25818cb75022083e13cab48e,economic_annex,CUADRO 6,Cuadro Nº 6 — Producto interno bruto trimestral (incluye binacionales) — Por sectores económicos. — En millones de guaraníes constantes de 2014.,vertical_block,documented_series,unresolved,1342,1161,9,1994-03-31,2026-03-31,PYG,"Periods, labels, units and values extracted under a documented orientation contract."
economic_annex:25818cb75022083e13cab48e,economic_annex,CUADRO 6 (Cont.),Cuadro Nº 6 (Continuación) — Producto interno bruto trimestral (Incluye binacionales) — Por sectores económicos. — Variación interanual constantes (%),vertical_block,documented_series,unresolved,1301,1125,9,1995-03-31,2026-03-31,percent,"Periods, labels, units and values extracted under a documented orientation contract."
economic_annex:25818cb75022083e13cab48e,economic_annex,CUADRO 60a,Cuadro Nº 60a — Tipo de cambio nominal del guaraní,vertical_date,documented_series,unresolved,1854,1420,4,1997-01-01,2026-07-01,PYG_per_USD,"Periods, labels, units and values extracted under a documented orientation contract."
economic_annex:25818cb75022083e13cab48e,economic_annex,CUADRO 60b,Cuadro Nº 60b — Tipo de cambio real Multilateral - Indice de precios externos — (enero 1995 = 100),vertical_date,documented_series,unresolved,2800,2268,6,1995-01-01,2026-06-01,index,"Periods, labels, units and values extracted under a documented orientation contract."
economic_annex:25818cb75022083e13cab48e,economic_annex,CUADRO 60c,Cuadro Nº 60c — Tipo de cambio real bilateral — (enero 1995 = 100),vertical_date,documented_series,unresolved,2418,1890,5,1995-01-01,2026-06-01,PYG_per_USD,"Periods, labels, units and values extracted under a documented orientation contract."
economic_annex:25818cb75022083e13cab48e,economic_annex,CUADRO 61,Cuadro Nº 61 — Compra / Venta de divisas en el mercado cambiario local. — En miles de dólares. — Compra — Bancos comerciales — Casas de cambio,fx_market_turnover,documented_series,unresolved,29119,26306,182,1994-12-31,2026-07-31,USD,"Periods, labels, units and values extracted under a documented orientation contract."
economic_annex:25818cb75022083e13cab48e,economic_annex,CUADRO 6a,Cuadro Nº 6 a — Producto interno bruto trimestral (incluye binacionales) — Por sectores económicos. — En millones de guaraníes corrientes,vertical_block,documented_series,unresolved,1342,1161,9,1994-03-31,2026-03-31,PYG,"Periods, labels, units and values extracted under a documented orientation contract."
economic_annex:25818cb75022083e13cab48e,economic_annex,CUADRO 6a (Cont.),Cuadro Nº 6a (Continuación) — Producto interno bruto trimestral (Incluye binacionales) — Por sectores económicos. — Variación interanual corrientes (%),vertical_block,documented_series,unresolved,1301,1125,9,1995-03-31,2026-03-31,percent,"Periods, labels, units and values extracted under a documented orientation contract."
economic_annex:25818cb75022083e13cab48e,economic_annex,CUADRO 7,Cuadro Nº 7 — Producto interno bruto trimestral (Incluye binacionales) — Por tipo de gasto. — En millones de guaraníes constantes de 2014.,vertical_block,documented_series,unresolved,1081,903,7,1994-03-31,2026-03-31,PYG,"Periods, labels, units and values extracted under a documented orientation contract."
economic_annex:25818cb75022083e13cab48e,economic_annex,CUADRO 7 (Cont.),Cuadro Nº 7 (Continuación) — Producto interno bruto trimestral (Incluye binacionales) — Por tipo de gasto. — Variación interanual constantes (%),vertical_block,documented_series,unresolved,1048,875,7,1995-03-31,2026-03-31,percent,"Periods, labels, units and values extracted under a documented orientation contract."
economic_annex:25818cb75022083e13cab48e,economic_annex,CUADRO 7a,Cuadro Nº 7a — Producto interno bruto trimestral (Incluye binacionales) — Por tipo de gasto. — En millones de guaraníes corrientes.,vertical_block,documented_series,unresolved,1081,903,7,1994-03-31,2026-03-31,PYG,"Periods, labels, units and values extracted under a documented orientation contract."
economic_annex:25818cb75022083e13cab48e,economic_annex,CUADRO 7a (Cont.),Cuadro Nº 7a (Continuación) — Producto interno bruto trimestral (Incluye binacionales) — Por tipo de gasto. — Variación interanual corrientes (%),vertical_block,documented_series,unresolved,1048,875,7,1995-03-31,2026-03-31,percent,"Periods, labels, units and values extracted under a documented orientation contract."
economic_annex:25818cb75022083e13cab48e,economic_annex,CUADRO 8,Cuadro Nº 8,vertical_year,documented_series,unresolved,712,616,8,1950-12-31,2026-12-31,PYG|USD,"Periods, labels, units and values extracted under a documented orientation contract."
economic_annex:25818cb75022083e13cab48e,economic_annex,CUADRO 9,Indicador Mensual de la Actividad Económica del Paraguay (IMAEP). — Índice base 2014 = 100.,vertical_date,documented_series,unresolved,1327,780,2,1994-01-01,2026-06-01,index,"Periods, labels, units and values extracted under a documented orientation contract."
economic_annex:25818cb75022083e13cab48e,economic_annex,CUADRO 9 a,INDICADOR MENSUAL DE LA ACTIVIDAD ECONÓMICA DEL PARAGUAY (IMAEP) — Índice base 2014 = 100.,vertical_date,documented_series,unresolved,2937,2700,18,2014-01-01,2026-06-01,index,"Periods, labels, units and values extracted under a documented orientation contract."
economic_annex:25818cb75022083e13cab48e,economic_annex,Cuadro 21 a,Cuadro Nº 21 a — Agregados Monetarios -Serie Histórica 1/ — En millones de guaranies,vertical_date,documented_series,unresolved,4379,3568,5,1960-01-01,2026-06-30,PYG,"Periods, labels, units and values extracted under a documented orientation contract."
economic_annex:25818cb75022083e13cab48e,economic_annex,Cuadro 43,Cuadro Nº 43 — Balanza de Bienes — En miles de dólares FOB.,vertical_date,documented_series,unresolved,3603,3128,8,1994-01-01,2026-07-01,USD,"Periods, labels, units and values extracted under a documented orientation contract."
economic_annex:25818cb75022083e13cab48e,economic_annex,Cuadro 44a,Cuadro Nº 44a — Exportaciones por principales productos. — En miles de dólares FOB.,vertical_date,documented_series,unresolved,7176,6647,17,1994-01-01,2026-07-01,USD,"Periods, labels, units and values extracted under a documented orientation contract."
economic_annex:25818cb75022083e13cab48e,economic_annex,Cuadro 44b,Cuadro Nº 44b — Exportaciones por principales productos. — En cantidades.,vertical_date,documented_series,unresolved,7178,6647,17,1994-01-01,2026-07-01,kWh|tonnes,"Periods, labels, units and values extracted under a documented orientation contract."
economic_annex:25818cb75022083e13cab48e,economic_annex,Cuadro 45,Cuadro Nº 45 — Exportaciones registradas. — En miles de dólares FOB.,vertical_date,documented_series,unresolved,5594,5083,13,1994-01-01,2026-07-01,EUR|USD,"Periods, labels, units and values extracted under a documented orientation contract."
economic_annex:25818cb75022083e13cab48e,economic_annex,Cuadro 46a,Cuadro Nº 46a — Exportaciones por niveles de procesamiento. — En miles de dólares FOB.,horizontal_date,documented_series,unresolved,59488,57868,148,1994-01-01,2026-07-01,USD,"Periods, labels, units and values extracted under a documented orientation contract."
economic_annex:25818cb75022083e13cab48e,economic_annex,Cuadro 46b,Cuadro Nº 46b — Exportaciones por niveles de procesamiento. — En toneladas y 1000 Kwh.,horizontal_date,documented_series,unresolved,59488,57868,148,1994-01-01,2026-07-01,mixed_physical_units,"Periods, labels, units and values extracted under a documented orientation contract."
economic_annex:25818cb75022083e13cab48e,economic_annex,Cuadro 47,Cuadro Nº 47 — Exportaciones por principales productos. — En miles de dólares FOB.,vertical_date,documented_series,unresolved,5519,5094,18,2003-01-01,2026-07-01,USD,"Periods, labels, units and values extracted under a documented orientation contract."
economic_annex:25818cb75022083e13cab48e,economic_annex,Cuadro 48,Cuadro Nº 48 — Exportaciones por regímenes aduaneros — En miles de dólares FOB.,vertical_date,documented_series,unresolved,2053,1697,6,2003-01-01,2026-07-01,USD,"Periods, labels, units and values extracted under a documented orientation contract."
economic_annex:25818cb75022083e13cab48e,economic_annex,Cuadro 49,Cuadro Nº 49 — Precios Internacionales,vertical_date,documented_series,unresolved,5770,5236,13,1994-01-01,2028-12-01,USD_per_barrel|USD_per_tonne,"Periods, labels, units and values extracted under a documented orientation contract."
economic_annex:25818cb75022083e13cab48e,economic_annex,Cuadro 50,Cuadro Nº 50 — Importaciones registradas. — En miles de dólares FOB.,vertical_date,documented_series,unresolved,5600,5083,13,1994-01-01,2026-07-01,EUR|USD,"Periods, labels, units and values extracted under a documented orientation contract."
economic_annex:25818cb75022083e13cab48e,economic_annex,Cuadro 51a,Cuadro Nº 51 a — Importaciones por tipo de bienes. — En miles de dólares FOB,horizontal_date,documented_series,unresolved,25980,25024,64,1994-01-01,2026-07-01,USD,"Periods, labels, units and values extracted under a documented orientation contract."
economic_annex:25818cb75022083e13cab48e,economic_annex,Cuadro 51b,Cuadro Nº 51 b — En toneladas.,horizontal_date,documented_series,unresolved,25979,25024,64,1994-01-01,2026-07-01,tonnes,"Periods, labels, units and values extracted under a documented orientation contract."
economic_annex:25818cb75022083e13cab48e,economic_annex,Cuadro 52a,Cuadro Nº 52 a — Importaciones para uso interno y bajo el Régimen de Turismo. — En miles de dólares FOB.,horizontal_date,documented_series,unresolved,49504,47424,192,2006-01-01,2026-07-01,USD,"Periods, labels, units and values extracted under a documented orientation contract."
economic_annex:25818cb75022083e13cab48e,economic_annex,Cuadro 52b,Cuadro Nº 52 b — Importaciones para uso interno y bajo el Régimen de Turismo. — En toneladas,horizontal_date,documented_series,unresolved,49504,47424,192,2006-01-01,2026-07-01,tonnes,"Periods, labels, units and values extracted under a documented orientation contract."
economic_annex:25818cb75022083e13cab48e,economic_annex,Cuadro 53a,Cuadro Nº 53 a — Importaciones por niveles de procesamiento. — En miles de dólares FOB.,horizontal_date,documented_series,unresolved,59889,58259,149,1994-01-01,2026-07-01,USD,"Periods, labels, units and values extracted under a documented orientation contract."
economic_annex:25818cb75022083e13cab48e,economic_annex,Cuadro 53b,Cuadro Nº 53 b — Importaciones por niveles de procesamiento. — En toneladas,horizontal_date,documented_series,unresolved,59889,58259,149,1994-01-01,2026-07-01,tonnes,"Periods, labels, units and values extracted under a documented orientation contract."
economic_annex:25818cb75022083e13cab48e,economic_annex,Cuadro 54,Cuadro Nº 54 — Importaciones por regímenes aduaneros — En miles de dólares FOB.,vertical_date,documented_series,unresolved,3213,2830,10,2003-01-01,2026-07-01,USD,"Periods, labels, units and values extracted under a documented orientation contract."
economic_annex:25818cb75022083e13cab48e,economic_annex,Índice,"Índice de Contenidos — Indicadores de actividad económica (PIB anual, PIB trimestral e IMAEP) — Variables monetarias y financieras (Tasas de interés, bolsa de valores, indicadores financieros) — Cuadro Nº 1: PIB a precios de comprador. Por sectores económicos. En miles de guaraníes constantes de 2014 — Cuadro Nº 29: Panorama Monetario - Pasivos — Cuadro Nº 2: PIB a precios de comprador. Por sectores económicos. En miles de guaraníes corrientes",index_only,index_only,not_applicable,100,0,0,NA,NA,NA,"Workbook table of contents; retained as raw cells, not duplicated as observations."
exchange_houses:93e85a8013fb6cf2b842f72e,exchange_houses,1. EEFF,Reporte — Importe en Gs — Sistema,exchange_balance_sheet,documented_series,unresolved,4946,4712,434,2016-07-31,2026-07-31,PYG,"Periods, labels, units and values extracted under a documented orientation contract."
exchange_houses:93e85a8013fb6cf2b842f72e,exchange_houses,1.1 BG,NA,linked_display_only,linked_display_only,not_applicable,0,0,0,NA,NA,NA,Presentation or linked display worksheet; authoritative observations come from the three source panels.
exchange_houses:93e85a8013fb6cf2b842f72e,exchange_houses,1.2 EERR,NA,linked_display_only,linked_display_only,not_applicable,0,0,0,NA,NA,NA,Presentation or linked display worksheet; authoritative observations come from the three source panels.
exchange_houses:93e85a8013fb6cf2b842f72e,exchange_houses,2. Ratios,Sistema,exchange_ratio,documented_series,unresolved,278,240,240,2026-06-30,2026-06-30,proportion|ratio,"Periods, labels, units and values extracted under a documented orientation contract."
exchange_houses:93e85a8013fb6cf2b842f72e,exchange_houses,2.1 Ratios,NA,linked_display_only,linked_display_only,not_applicable,0,0,0,NA,NA,NA,Presentation or linked display worksheet; authoritative observations come from the three source panels.
exchange_houses:93e85a8013fb6cf2b842f72e,exchange_houses,3. Dep y Person,Sistema,exchange_operations,documented_series,unresolved,131,96,96,2026-06-30,2026-06-30,count,"Periods, labels, units and values extracted under a documented orientation contract."
exchange_houses:93e85a8013fb6cf2b842f72e,exchange_houses,3.1 Dep y P.,NA,linked_display_only,linked_display_only,not_applicable,0,0,0,NA,NA,NA,Presentation or linked display worksheet; authoritative observations come from the three source panels.
exchange_houses:93e85a8013fb6cf2b842f72e,exchange_houses,Notas al Boletín,Banco Central del Paraguay — Superintendencia de Bancos — Gerencia de Análisis y Regulación — Descripción — Observación — Entidades,presentation_only,presentation_only,not_applicable,51,0,0,NA,NA,NA,Presentation or linked display worksheet; authoritative observations come from the three source panels.
exchange_houses:93e85a8013fb6cf2b842f72e,exchange_houses,Portada,NA,presentation_only,presentation_only,not_applicable,4,0,0,NA,NA,NA,Presentation or linked display worksheet; authoritative observations come from the three source panels.
exchange_houses:93e85a8013fb6cf2b842f72e,exchange_houses,Tablas ref.,Banco Central del Paraguay — Superintendencia de Bancos — Gerencia de Análisis y Regulación — Tablas de referencias — Index Cuentas Balance Gral. — Index Cuentas EERR,reference_dimension,reference_dimension,not_applicable,754,0,0,NA,NA,NA,"Verified exchange-house entity, currency and statement references loaded into dimensions."
exchange_rates:a822c1e0cb97438c1bde2836,exchange_rates,Cotizaciones Diarias,Julio/2026,daily_exchange_rates,documented_series,flat,1115,644,28,2026-07-01,2026-07-31,PYG_per_ARS|PYG_per_AUD|PYG_per_BOB|PYG_per_BRL|PYG_per_CAD|PYG_per_CHF|PYG_per_CLP|PYG_per_DKK|PYG_per_EUR|PYG_per_GBP|PYG_per_JPY|PYG_per_SEK|PYG_per_USD|PYG_per_UYU,"Periods, labels, units and values extracted under a documented orientation contract."
exchange_rates:a822c1e0cb97438c1bde2836,exchange_rates,EURO Fin Mes,Estudios Económicos — COTIZACIÓN DEL EURO EN EL MERCADO FLUCTUANTE — Fin de Período,exchange_rate_monthly,documented_series,flat,788,590,2,2002-01-31,2026-07-31,PYG_per_EUR,"Periods, labels, units and values extracted under a documented orientation contract."
exchange_rates:a822c1e0cb97438c1bde2836,exchange_rates,EURO Prom,Estudios Económicos — COTIZACIÓN DEL EURO EN EL MERCADO FLUCTUANTE — Promedio mensual,exchange_rate_monthly,documented_series,flat,788,590,14,2002-01-31,2025-12-31,PYG_per_EUR,"Periods, labels, units and values extracted under a documented orientation contract."
exchange_rates:a822c1e0cb97438c1bde2836,exchange_rates,PESO Fin Mes,Estudios Económicos — COTIZACIÓN DEL PESO EN EL MERCADO FLUCTUANTE — Fin de Periodo,exchange_rate_monthly,documented_series,flat,1033,782,2,1994-01-31,2026-07-31,PYG_per_ARS,"Periods, labels, units and values extracted under a documented orientation contract."
exchange_rates:a822c1e0cb97438c1bde2836,exchange_rates,REAL Fin Mes,Estudios Económicos — COTIZACIÓN DEL REAL EN EL MERCADO FLUCTUANTE — Fin de Periodo,exchange_rate_monthly,documented_series,flat,1035,782,2,1994-01-31,2026-07-31,PYG_per_BRL,"Periods, labels, units and values extracted under a documented orientation contract."
exchange_rates:a822c1e0cb97438c1bde2836,exchange_rates,USD Fin Mes,Estudios Económicos — COMPRA — COTIZACIONES DEL DOLAR EN EL MERCADO FLUCTUANTE — Fin de Período,exchange_rate_annual,documented_series,flat,1859,50,2,1945-12-31,1969-12-31,PYG_per_USD,"Periods, labels, units and values extracted under a documented orientation contract."
exchange_rates:a822c1e0cb97438c1bde2836,exchange_rates,USD Prom,Estudios Económicos — COTIZACION DEL DOLAR AMERICANO — Promedio Mensual,exchange_rate_monthly,documented_series,flat,1191,902,2,1989-01-31,2026-07-31,PYG_per_USD,"Periods, labels, units and values extracted under a documented orientation contract."
financial_indicators:f9ded3c4fe24e11b14caa1df,financial_indicators,1.1,Cuadro Nº 1.1 — Tasas de interés nominales - Bancos — Promedio mensuales en porcentajes anuales Ponderación sobre saldos,horizontal_date,documented_series,unresolved,7361,5889,37,2011-01-31,2026-06-30,percent,"Periods, labels, units and values extracted under a documented orientation contract."
financial_indicators:f9ded3c4fe24e11b14caa1df,financial_indicators,1.2,Cuadro Nº 1.2 — Tasas de interés efectivas - Bancos — Promedio mensuales en porcentajes anuales Ponderación sobre saldos,horizontal_date,documented_series,unresolved,7361,5888,37,2011-01-31,2026-06-30,percent,"Periods, labels, units and values extracted under a documented orientation contract."
financial_indicators:f9ded3c4fe24e11b14caa1df,financial_indicators,2.1,Cuadro Nº 2.1 — Tasas de interés nominales desglosadas por plazos - Bancos — Promedio mensuales en porcentajes anuales,horizontal_date,documented_series,unresolved,11157,8350,58,2011-01-31,2026-06-30,percent,"Periods, labels, units and values extracted under a documented orientation contract."
financial_indicators:f9ded3c4fe24e11b14caa1df,financial_indicators,2.2,Cuadro Nº 2.2 — Tasas de interés efectivas desglosadas por plazos - Bancos — Promedio mensuales en porcentajes anuales,horizontal_date,documented_series,unresolved,11157,8348,58,2011-01-31,2026-06-30,percent,"Periods, labels, units and values extracted under a documented orientation contract."
financial_indicators:f9ded3c4fe24e11b14caa1df,financial_indicators,3.1,Cuadro Nº 3.1 — Tasas de interés nominales - Bancos — porcentajes anuales,horizontal_date,documented_series,unresolved,55010,41735,290,2011-01-31,2026-06-30,percent,"Periods, labels, units and values extracted under a documented orientation contract."
financial_indicators:f9ded3c4fe24e11b14caa1df,financial_indicators,3.2,Cuadro Nº 3.2 — Tasas de interés efectivas - Bancos — porcentajes anuales,horizontal_date,documented_series,unresolved,55010,41740,290,2011-01-31,2026-06-30,percent,"Periods, labels, units and values extracted under a documented orientation contract."
financial_indicators:f9ded3c4fe24e11b14caa1df,financial_indicators,4,Cuadro Nº 4 — Saldos desglosados por plazo y cartera - Bancos,horizontal_date,documented_series,unresolved,18050,17484,94,2011-01-31,2026-06-30,PYG|source_units,"Periods, labels, units and values extracted under a documented orientation contract."
financial_indicators:f9ded3c4fe24e11b14caa1df,financial_indicators,5,Cuadro Nº 5 — Tasas de interés efectivas - Financieras — Promedio mensuales en porcentajes anuales - Ponderación sobre saldos,horizontal_date,documented_series,unresolved,6987,4427,28,2011-01-31,2026-06-30,percent,"Periods, labels, units and values extracted under a documented orientation contract."
financial_indicators:f9ded3c4fe24e11b14caa1df,financial_indicators,6,Cuadro Nº 6 — Tasas de interés efectivas desglosadas por plazos - Financieras — Promedios mensuales en porcentajes anuales,horizontal_date,documented_series,unresolved,9456,5009,49,2011-01-31,2026-06-30,percent,"Periods, labels, units and values extracted under a documented orientation contract."
financial_indicators:f9ded3c4fe24e11b14caa1df,financial_indicators,7,Cuadro Nº 7 — Saldos desglosados por plazo y cartera - Financieras,horizontal_date,documented_series,unresolved,17991,17425,94,2011-01-31,2026-06-30,PYG|source_units,"Periods, labels, units and values extracted under a documented orientation contract."
financial_indicators:f9ded3c4fe24e11b14caa1df,financial_indicators,8,NA,horizontal_date,documented_series,unresolved,1992,1743,15,2016-01-01,2026-06-01,count|days|source_units|USD,"Periods, labels, units and values extracted under a documented orientation contract."
financial_indicators:f9ded3c4fe24e11b14caa1df,financial_indicators,Índice,INDICADORES FINANCIEROS — Al mes de junio de 2026 — Cuadro 1.1 — Tasas de interés nominales - Bancos — Cuadro 1.2 — Tasas de interés efectivas - Bancos,metadata_only,unparsed,not_applicable,24,0,0,NA,NA,NA,No statistical observations claimed for this worksheet.
insurance_annex:7cb2b1d2ffa3badb8113e890,insurance_annex,1.1,Primas Directas (Guaraníes),insurance_fiscal_year,documented_series,unresolved,531,476,28,2009-06-30,2025-06-30,PYG,"Periods, labels, units and values extracted under a documented orientation contract."
insurance_annex:7cb2b1d2ffa3badb8113e890,insurance_annex,1.10,"Gastos de liquidación de siniestros — Gastos de Salvataje y Recupero — Total Gastos de liquidación de siniestros, salvataje y recupero",insurance_fiscal_year,documented_series,unresolved,1083,986,58,2009-06-30,2025-06-30,PYG,"Periods, labels, units and values extracted under a documented orientation contract."
insurance_annex:7cb2b1d2ffa3badb8113e890,insurance_annex,1.11,Participación Recupero reaseguros cedidos local - Proporcional — Participación Recupero reaseguros cedidos local - No Proporcional — Total Participación Recupero reaseguros cedidos local,insurance_fiscal_year,documented_series,unresolved,1447,1326,78,2009-06-30,2025-06-30,PYG,"Periods, labels, units and values extracted under a documented orientation contract."
insurance_annex:7cb2b1d2ffa3badb8113e890,insurance_annex,1.12,Participación Recupero reaseguros cedidos exterior - Proporcional — Participación Recupero reaseguros cedidos exterior - No Proporcional — Total Participación Recupero reaseguros cedidos exterior,insurance_fiscal_year,documented_series,unresolved,1437,1326,78,2009-06-30,2025-06-30,PYG,"Periods, labels, units and values extracted under a documented orientation contract."
insurance_annex:7cb2b1d2ffa3badb8113e890,insurance_annex,1.13,Siniestros Reaseguros Aceptados Local (contratos proporcionales) (Guaraníes) — Siniestros Reaseguros Aceptados Local (contratos no proporcionales) (Guaraníes) — Total Siniestros Reaseguros Aceptados Local (Guaraníes),insurance_fiscal_year,documented_series,unresolved,1439,1326,78,2009-06-30,2025-06-30,PYG,"Periods, labels, units and values extracted under a documented orientation contract."
insurance_annex:7cb2b1d2ffa3badb8113e890,insurance_annex,1.14,Siniestros Reaseguros Aceptados exterior (contratos proporcionales) (Guaraníes) — Siniestros Reaseguros Aceptados exterior (contratos no proporcionales) — Total Siniestros Reaseguros Aceptados exterior,insurance_fiscal_year,documented_series,unresolved,1446,1326,78,2009-06-30,2025-06-30,PYG,"Periods, labels, units and values extracted under a documented orientation contract."
insurance_annex:7cb2b1d2ffa3badb8113e890,insurance_annex,1.15,Constitución de Provisiones Técnicas de Siniestros (Guaraníes),insurance_fiscal_year,documented_series,unresolved,403,357,21,2009-06-30,2025-06-30,PYG,"Periods, labels, units and values extracted under a documented orientation contract."
insurance_annex:7cb2b1d2ffa3badb8113e890,insurance_annex,1.16,Recupero de Siniestros Directos (Guaraníes),insurance_fiscal_year,documented_series,unresolved,347,306,18,2009-06-30,2025-06-30,PYG,"Periods, labels, units and values extracted under a documented orientation contract."
insurance_annex:7cb2b1d2ffa3badb8113e890,insurance_annex,1.17,Siniestros Recuperados Reaseguros cedidos (contratos proporcionales) (Guaraníes) - Local — Siniestros Recuperados Reaseguros cedidos (contratos no proporcionales) (Guaraníes) - Local — Total Siniestros recuperados Reaseguros cedidos Local (Guaraníes),insurance_fiscal_year,documented_series,unresolved,1436,1326,78,2009-06-30,2025-06-30,PYG,"Periods, labels, units and values extracted under a documented orientation contract."
insurance_annex:7cb2b1d2ffa3badb8113e890,insurance_annex,1.18,Siniestros Recuperados Reaseguros cedidos exterior (contratos proporcionales) (Guaraníes) — Siniestros Recuperados Reaseguros cedidos exterior (contratos no proporcionales) (Guaraníes) — Total Siniestros recuperados Reaseguros cedidos exterior (Guaraníes),insurance_fiscal_year,documented_series,unresolved,1438,1326,78,2009-06-30,2025-06-30,PYG,"Periods, labels, units and values extracted under a documented orientation contract."
insurance_annex:7cb2b1d2ffa3badb8113e890,insurance_annex,1.19,Participación Recupero Reaseguros Aceptados - Proporcionales (Guaraníes) - Local — Participación recupero reaseguros aceptados (contratos no proporcionales) (Guaraníes) - Local — Total Participación Recupero reaseguros aceptados - Local (Guaraníes),insurance_fiscal_year,documented_series,unresolved,1447,1326,78,2009-06-30,2025-06-30,PYG,"Periods, labels, units and values extracted under a documented orientation contract."
insurance_annex:7cb2b1d2ffa3badb8113e890,insurance_annex,1.2,Primas Reaseguros Aceptados (Local) Contratos Proporcionales (Guaraníes) — Primas Reaseguros Aceptados (Local) Contratos no Proporcionales (Guaraníes) — Total Primas Reaseguros Aceptados (Local) (Guaraníes),insurance_fiscal_year,documented_series,unresolved,1501,1377,81,2009-06-30,2025-06-30,PYG,"Periods, labels, units and values extracted under a documented orientation contract."
insurance_annex:7cb2b1d2ffa3badb8113e890,insurance_annex,1.20,Participación Recupero Reaseguros Aceptados - Proporcionales (Guaraníes) - Exterior — Participación recupero reaseguros aceptados (contratos no proporcionales) (Guaraníes) - exterior — Total Participación recuperos reaseguros aceptados exterior,insurance_fiscal_year,documented_series,unresolved,1447,1326,78,2009-06-30,2025-06-30,PYG,"Periods, labels, units and values extracted under a documented orientation contract."
insurance_annex:7cb2b1d2ffa3badb8113e890,insurance_annex,1.21,Desafectación de Provisiones Técnicas de Siniestros (Guaraníes),insurance_fiscal_year,documented_series,unresolved,403,357,21,2009-06-30,2025-06-30,PYG,"Periods, labels, units and values extracted under a documented orientation contract."
insurance_annex:7cb2b1d2ffa3badb8113e890,insurance_annex,1.22,Reintegro Gastos de Revisión y examen de asegurabilidad (Guaraníes) — Intereses por Financiamiento de Primas (Guaraníes) — Reintegro Comisiones sobre primas (Guaraníes) — Total Reintegro Gastos de Producción (Guaraníes),insurance_fiscal_year,documented_series,unresolved,1646,1513,89,2009-06-30,2025-06-30,PYG,"Periods, labels, units and values extracted under a documented orientation contract."
insurance_annex:7cb2b1d2ffa3badb8113e890,insurance_annex,1.23,Comisión reaseguros cedidos - contratos proporcionales (Guaraníes) — Participación utilidades reaseguros cedidos - contratos proporcionales (Guaraníes) — Participación utilidades reaseguros cedidos - contratos no proporcionales (Guaraníes) — Total otros ingresos reaseguros cedidos - local (Guaraníes),insurance_fiscal_year,documented_series,unresolved,1759,1615,95,2009-06-30,2025-06-30,PYG,"Periods, labels, units and values extracted under a documented orientation contract."
insurance_annex:7cb2b1d2ffa3badb8113e890,insurance_annex,1.24,Comisión reaseguros cedidos - contratos proporcionales (Guaraníes) - exterior — Participación utilidades reaseguros cedidos - contratos proporcionales (Guaraníes) - exterior — Participación utilidades reaseguros cedidos - contratos no proporcionales (Guaraníes) - exterior — Total otros ingresos reaseguros cedidos - exterior (Guaraníes),insurance_fiscal_year,documented_series,unresolved,1752,1611,95,2009-06-30,2025-06-30,PYG,"Periods, labels, units and values extracted under a documented orientation contract."
insurance_annex:7cb2b1d2ffa3badb8113e890,insurance_annex,1.25,Intereses sobre reservas retenidas - contratos proporcionales (Guaraníes) — Intereses sobre reservas matematicas cedidas - contratos proporcionales (Guaraníes) — Total otros ingresos reaseguros aceptados - local,insurance_fiscal_year,documented_series,unresolved,1447,1326,78,2009-06-30,2025-06-30,PYG,"Periods, labels, units and values extracted under a documented orientation contract."
insurance_annex:7cb2b1d2ffa3badb8113e890,insurance_annex,1.26,Intereses sobre reserva retenidas - contratos proporcionales (Guaraníes) - Exterior — Intereses sobre reserva retenidas - contratos proporcionales (Guaraníes) — Intereses sobre reservas matematicas cedidas - contratos proporcionales (Guaraníes) — Total otros ingresos reaseguros aceptados - exterior (Guaraníes),insurance_fiscal_year,documented_series,unresolved,1438,1326,78,2009-06-30,2025-06-30,PYG,"Periods, labels, units and values extracted under a documented orientation contract."
insurance_annex:7cb2b1d2ffa3badb8113e890,insurance_annex,1.27,Desafectación de previsiones (Guaraníes),insurance_fiscal_year,documented_series,unresolved,165,136,8,2009-06-30,2025-06-30,PYG,"Periods, labels, units and values extracted under a documented orientation contract."
insurance_annex:7cb2b1d2ffa3badb8113e890,insurance_annex,1.28,Comisión de seguros directos (Guaraníes) — Revisión examen de asegurabilidad (Guaraníes) — Fomento de Producción (Guaraníes) — Total Gastos de Producción (Guaraníes),insurance_fiscal_year,documented_series,unresolved,1923,1768,104,2009-06-30,2025-06-30,PYG,"Periods, labels, units and values extracted under a documented orientation contract."
insurance_annex:7cb2b1d2ffa3badb8113e890,insurance_annex,1.29,Gastos de cesión reaseguros cedidos - contratos no proporcionales (Local) — Gastos de cesión reaseguros cedidos - contratos no proporcionales — Intereses sobre reservas retenidas - contratos proporcionales (Local) — Total Gastos Reaseguros Cedidos - local,insurance_fiscal_year,documented_series,unresolved,1438,1326,78,2009-06-30,2025-06-30,PYG,"Periods, labels, units and values extracted under a documented orientation contract."
insurance_annex:7cb2b1d2ffa3badb8113e890,insurance_annex,1.3,Primas Reaseguros Aceptados (Exterior) Contratos Proporcionales (Guaraníes) — Primas Reaseguros Aceptados (Exterior) Contratos no Proporcionales (Guaraníes) — Total Primas Reaseguros Aceptados (Exterior) (Guaraníes),insurance_fiscal_year,documented_series,unresolved,1501,1377,81,2009-06-30,2025-06-30,PYG,"Periods, labels, units and values extracted under a documented orientation contract."
insurance_annex:7cb2b1d2ffa3badb8113e890,insurance_annex,1.30,Gastos de cesión reaseguros cedidos - contratos no proporcionales (Guaraníes) — Intereses sobre reservas retenidas - contratos proporcionales (Guaraníes) — Total Gastos Reaseguros Cedidos - exterior (Guaraníes),insurance_fiscal_year,documented_series,unresolved,1447,1326,78,2009-06-30,2025-06-30,PYG,"Periods, labels, units and values extracted under a documented orientation contract."
insurance_annex:7cb2b1d2ffa3badb8113e890,insurance_annex,1.31,Comisión reaseguros aceptados - contratos proporcionales (Guaraníes) — Participación utilidades reaseguros aceptados - contratos proporcionales (Guaraníes) — Participación utilidades reaseguros aceptados - contratos no proporcionales (Guaraníes) — Total Gastos Reaseguros Aceptados - Local (Guaraníes),insurance_fiscal_year,documented_series,unresolved,1922,1768,104,2009-06-30,2025-06-30,PYG,"Periods, labels, units and values extracted under a documented orientation contract."
insurance_annex:7cb2b1d2ffa3badb8113e890,insurance_annex,1.32,Comisiones reaseguros aceptados - exterior (Guaraníes) — Participación utilidades reaseguros aceptados - contratos proporcionales (Guaraníes) — Participación utilidades reaseguros aceptados - contratos no proporcionales (Guaraníes) — Total Gastos Reaseguros Aceptados - Exterior (Guaraníes),insurance_fiscal_year,documented_series,unresolved,1921,1768,104,2009-06-30,2025-06-30,PYG,"Periods, labels, units and values extracted under a documented orientation contract."
insurance_annex:7cb2b1d2ffa3badb8113e890,insurance_annex,1.33,Gastos Técnicos de Explotación,insurance_fiscal_year,documented_series,unresolved,290,255,15,2009-06-30,2025-06-30,PYG,"Periods, labels, units and values extracted under a documented orientation contract."
insurance_annex:7cb2b1d2ffa3badb8113e890,insurance_annex,1.34,Constitución de Previsiones,insurance_fiscal_year,documented_series,unresolved,164,136,8,2009-06-30,2025-06-30,PYG,"Periods, labels, units and values extracted under a documented orientation contract."
insurance_annex:7cb2b1d2ffa3badb8113e890,insurance_annex,1.35,Ingresos de inversiones,insurance_fiscal_year,documented_series,unresolved,128,102,6,2009-06-30,2025-06-30,PYG,"Periods, labels, units and values extracted under a documented orientation contract."
insurance_annex:7cb2b1d2ffa3badb8113e890,insurance_annex,1.36,Gastos de inversiones,insurance_fiscal_year,documented_series,unresolved,146,119,7,2009-06-30,2025-06-30,PYG,"Periods, labels, units and values extracted under a documented orientation contract."
insurance_annex:7cb2b1d2ffa3badb8113e890,insurance_annex,1.37,Ganancias Extraordinarias,insurance_fiscal_year,documented_series,unresolved,93,68,4,2009-06-30,2025-06-30,PYG,"Periods, labels, units and values extracted under a documented orientation contract."
insurance_annex:7cb2b1d2ffa3badb8113e890,insurance_annex,1.38,Perdidas Extraordinarias,insurance_fiscal_year,documented_series,unresolved,109,85,5,2009-06-30,2025-06-30,PYG,"Periods, labels, units and values extracted under a documented orientation contract."
insurance_annex:7cb2b1d2ffa3badb8113e890,insurance_annex,1.4,Desafectación de Provisiones Técnicas de Seguros (Guaraníes),insurance_fiscal_year,documented_series,unresolved,385,340,20,2009-06-30,2025-06-30,PYG,"Periods, labels, units and values extracted under a documented orientation contract."
insurance_annex:7cb2b1d2ffa3badb8113e890,insurance_annex,1.5,Primas Reaseguros Cedidos (Local) Contratos Proporcionales,insurance_fiscal_year,documented_series,unresolved,495,442,26,2009-06-30,2025-06-30,PYG,"Periods, labels, units and values extracted under a documented orientation contract."
insurance_annex:7cb2b1d2ffa3badb8113e890,insurance_annex,1.6,Primas Reaseguros Cedidos (Exterior) Contratos Proporcionales,insurance_fiscal_year,documented_series,unresolved,495,442,26,2009-06-30,2025-06-30,PYG,"Periods, labels, units and values extracted under a documented orientation contract."
insurance_annex:7cb2b1d2ffa3badb8113e890,insurance_annex,1.7,Constitución de Provisiones Técnicas de Seguros,insurance_fiscal_year,documented_series,unresolved,385,340,20,2009-06-30,2025-06-30,PYG,"Periods, labels, units and values extracted under a documented orientation contract."
insurance_annex:7cb2b1d2ffa3badb8113e890,insurance_annex,1.8,Siniestros Seguros Directos,insurance_fiscal_year,documented_series,unresolved,421,374,22,2009-06-30,2025-06-30,PYG,"Periods, labels, units and values extracted under a documented orientation contract."
insurance_annex:7cb2b1d2ffa3badb8113e890,insurance_annex,1.9,Prestaciones e Indemnizaciones Seguros de Vida,insurance_fiscal_year,documented_series,unresolved,385,340,20,2009-06-30,2025-06-30,PYG,"Periods, labels, units and values extracted under a documented orientation contract."
insurance_annex:7cb2b1d2ffa3badb8113e890,insurance_annex,2.1,Activos,insurance_fiscal_year,documented_series,unresolved,200,170,10,2009-06-30,2025-06-30,PYG,"Periods, labels, units and values extracted under a documented orientation contract."
insurance_annex:7cb2b1d2ffa3badb8113e890,insurance_annex,2.2,Pasivos,insurance_fiscal_year,documented_series,unresolved,236,204,12,2009-06-30,2025-06-30,PYG,"Periods, labels, units and values extracted under a documented orientation contract."
insurance_annex:7cb2b1d2ffa3badb8113e890,insurance_annex,2.3,Patrimonio Neto,insurance_fiscal_year,documented_series,unresolved,128,102,6,2009-06-30,2025-06-30,PYG,"Periods, labels, units and values extracted under a documented orientation contract."
insurance_annex:7cb2b1d2ffa3badb8113e890,insurance_annex,Caratula,SUPERINTENDENCIA DE SEGUROS — INTENDENCIA DE ESTUDIOS TECNICOS,metadata_only,unparsed,not_applicable,6,0,0,NA,NA,NA,No statistical observations claimed for this worksheet.
insurance_annex:7cb2b1d2ffa3badb8113e890,insurance_annex,Índice,Índice de Contenido — A - Primas Netas Ganadas = (4.01 + 4.02 + 4.03 + 4.04 - 5.01 - 5.02 - 5.03) — E - Otros Egresos Técnicos — 4.01 Primas Directas — Hoja 1.1 — 5.04 Gastos de Producción,metadata_only,unparsed,not_applicable,93,0,0,NA,NA,NA,No statistical observations claimed for this worksheet.
interbank_market:dbcda6fadd28e3dd5bb3afc2,interbank_market,Datos,Mercado Interbancario de Fondos (hasta 1 día) — Tasas de Interés de Facilidades Permanentes fijadas por el CPM,vertical_date,documented_series,unresolved,83694,71867,32,2010-01-04,2026-08-14,count|percent|PYG|USD,"Periods, labels, units and values extracted under a documented orientation contract."
interbank_market:dbcda6fadd28e3dd5bb3afc2,interbank_market,Datos (+ de 1 día),Mercado Interbancario de Fondos (más de 1 día),vertical_date,documented_series,unresolved,15309,7570,51,2012-01-05,2026-08-14,count|percent|PYG|source_units|USD,"Periods, labels, units and values extracted under a documented orientation contract."
interbank_market:dbcda6fadd28e3dd5bb3afc2,interbank_market,Mdo Secundario,Operaciones del Mercado Secundario de LRM y Bonos,row_event_table,documented_series,flat,4714,2037,1263,2012-03-09,2026-08-14,percent|source_units,"Periods, labels, units and values extracted under a documented orientation contract."
liquidity_facility:d0704796350e86652138be52,liquidity_facility,ADM- LIQ- DEPOSITO,Resultado de Subasta de Depósito - Administracion de Liquidez de Corto Plazo. — Resultado de Subasta Repo - Administracion de Liquidez de Corto Plazo.,row_event_table,documented_series,flat,5510,3652,56,2016-01-20,2021-09-09,percent|PYG,"Periods, labels, units and values extracted under a documented orientation contract."
lrm_auctions:b7e160f57d37a215d182eaef,lrm_auctions,Subastas 2013,SUBASTAS DE LRM 20131,row_event_table,documented_series,flat,1762,1148,784,2013-01-08,2013-12-26,source_units,"Periods, labels, units and values extracted under a documented orientation contract."
lrm_auctions:b7e160f57d37a215d182eaef,lrm_auctions,Subastas 2014,SUBASTAS DE LRM 20141,row_event_table,documented_series,flat,1165,776,273,2014-01-09,2014-12-23,source_units,"Periods, labels, units and values extracted under a documented orientation contract."
lrm_auctions:b7e160f57d37a215d182eaef,lrm_auctions,Subastas 2015 ,SUBASTAS DE LRM 20151,row_event_table,documented_series,flat,1058,674,200,2015-01-28,2015-12-16,source_units,"Periods, labels, units and values extracted under a documented orientation contract."
lrm_auctions:b7e160f57d37a215d182eaef,lrm_auctions,Subastas 2016,SUBASTAS DE LRM 20161,row_event_table,documented_series,flat,1131,747,177,2016-01-27,2016-12-21,source_units,"Periods, labels, units and values extracted under a documented orientation contract."
lrm_auctions:b7e160f57d37a215d182eaef,lrm_auctions,Subastas 2017,SUBASTAS DE LRM 20171,row_event_table,documented_series,flat,1126,742,165,2017-01-24,2017-12-20,source_units,"Periods, labels, units and values extracted under a documented orientation contract."
lrm_auctions:b7e160f57d37a215d182eaef,lrm_auctions,Subastas 2018,SUBASTAS DE LRM 20181,row_event_table,documented_series,flat,1086,702,165,2018-01-24,2018-12-19,source_units,"Periods, labels, units and values extracted under a documented orientation contract."
lrm_auctions:b7e160f57d37a215d182eaef,lrm_auctions,Subastas 2019,SUBASTAS DE LRM 2019,row_event_table,documented_series,flat,1146,762,154,2019-01-23,2019-12-26,source_units,"Periods, labels, units and values extracted under a documented orientation contract."
lrm_auctions:b7e160f57d37a215d182eaef,lrm_auctions,Subastas 2020,SUBASTAS DE LRM 2020,row_event_table,documented_series,flat,1071,687,187,2020-01-29,2020-12-16,source_units,"Periods, labels, units and values extracted under a documented orientation contract."
lrm_auctions:b7e160f57d37a215d182eaef,lrm_auctions,Subastas 2021,SUBASTAS DE LRM 2020,row_event_table,documented_series,flat,1067,683,97,2021-01-27,2021-12-22,source_units,"Periods, labels, units and values extracted under a documented orientation contract."
lrm_auctions:b7e160f57d37a215d182eaef,lrm_auctions,Subastas 2022,SUBASTAS DE LRM 2020,row_event_table,documented_series,flat,1136,752,141,2022-01-26,2022-12-21,source_units,"Periods, labels, units and values extracted under a documented orientation contract."
lrm_auctions:b7e160f57d37a215d182eaef,lrm_auctions,Subastas 2023,SUBASTAS DE LRM 2020,row_event_table,documented_series,flat,1085,701,146,2023-01-25,2023-12-21,source_units,"Periods, labels, units and values extracted under a documented orientation contract."
lrm_auctions:b7e160f57d37a215d182eaef,lrm_auctions,Subastas 2024,SUBASTAS DE LRM 2020,row_event_table,documented_series,flat,1167,783,198,2024-01-25,2024-12-26,source_units,"Periods, labels, units and values extracted under a documented orientation contract."
lrm_auctions:b7e160f57d37a215d182eaef,lrm_auctions,Subastas 2025,SUBASTAS DE LRM 2020,row_event_table,documented_series,flat,1126,742,231,2025-01-30,2025-12-23,source_units,"Periods, labels, units and values extracted under a documented orientation contract."
lrm_auctions:b7e160f57d37a215d182eaef,lrm_auctions,Subastas 2026,SUBASTAS DE LRM 2020,row_event_table,documented_series,flat,686,452,165,2026-01-29,2026-07-30,source_units,"Periods, labels, units and values extracted under a documented orientation contract."
payments:de7b4a670c8e2d7430cd91d6,payments,AFD 01,Pagos de Intereses y Capital de Bonos emitidos por la AFD (DEPO) — En PYG — Importe Destino — 2013/11 — 2013/12 — 2014/01,vertical_date,documented_series,unresolved,267,108,1,2014-06-30,2026-07-31,PYG,"Periods, labels, units and values extracted under a documented orientation contract."
payments:de7b4a670c8e2d7430cd91d6,payments,AFD 02,Transferencias de la AFD a las Entidades Financieras - LBTR & ACH — En PYG,vertical_date,documented_series,unresolved,931,765,5,2013-11-30,2026-07-31,count|PYG,"Periods, labels, units and values extracted under a documented orientation contract."
payments:de7b4a670c8e2d7430cd91d6,payments,AFD 03,Transferencias a la AFD de Entidades Financieras - LBTR & ACH — En PYG,vertical_date,documented_series,unresolved,589,423,5,2013-11-30,2026-07-31,count|PYG,"Periods, labels, units and values extracted under a documented orientation contract."
payments:de7b4a670c8e2d7430cd91d6,payments,AFD 04,Transferencias de la AFD a las Entidades Financieras - LBTR & ACH,vertical_date,documented_series,unresolved,468,306,2,2013-11-30,2026-07-31,count|source_units,"Periods, labels, units and values extracted under a documented orientation contract."
payments:de7b4a670c8e2d7430cd91d6,payments,AFD 05,Transferencias a la AFD de Entidades Financieras - LBTR & ACH — En USD,vertical_date,documented_series,unresolved,468,306,2,2013-11-30,2026-07-31,count|USD,"Periods, labels, units and values extracted under a documented orientation contract."
payments:de7b4a670c8e2d7430cd91d6,payments,BIC E. Bancarias,Código BIC — Entidad Financiera — AFDEPYPAXXXX — AGENCIA FINANCIERA DE DESAROLLO — AMAMPYPAXXXX — BANCO BASA S.A.,reference_dimension,reference_dimension,not_applicable,59,0,0,NA,NA,NA,BIC-to-institution reference loaded into dim_payment_participant.
payments:de7b4a670c8e2d7430cd91d6,payments,CCC 01,Cheques Compensados - (Cámara Compensadora de Cheques - BANCARD) PYG — Cheques Compensados en 1era. Sesión — Cheques Rechazados en 2da. Sesión — Compensaciones Netas Mensuales — Total País - PYG,vertical_date,documented_series,unresolved,1395,918,6,2013-11-30,2026-07-31,PYG,"Periods, labels, units and values extracted under a documented orientation contract."
payments:de7b4a670c8e2d7430cd91d6,payments,CCC 02,Cheques Pagados por Entidad Bancaria - (Cámara Compensadora de Cheques - BANCARD),vertical_date,documented_series,unresolved,5307,5086,42,2013-11-30,2026-07-31,count|source_units,"Periods, labels, units and values extracted under a documented orientation contract."
payments:de7b4a670c8e2d7430cd91d6,payments,CCC 03,Cheques Pagados por rango de monto - (Cámara Compensadora de Cheques - BANCARD),vertical_date,documented_series,unresolved,2321,2142,14,2013-11-30,2026-07-31,count|source_units,"Periods, labels, units and values extracted under a documented orientation contract."
payments:de7b4a670c8e2d7430cd91d6,payments,CCC 04,"Cheques rechazados en el País, por causales - (Cámara Compensadora de Cheques - BANCARD)",vertical_date,documented_series,unresolved,3768,3574,24,2013-11-30,2026-07-31,count|source_units,"Periods, labels, units and values extracted under a documented orientation contract."
payments:de7b4a670c8e2d7430cd91d6,payments,CCCoop,Cámara Compensadora de Cooperativas - CABAL PYG,vertical_date,documented_series,unresolved,635,560,10,2021-12-31,2026-07-31,count|PYG,"Periods, labels, units and values extracted under a documented orientation contract."
payments:de7b4a670c8e2d7430cd91d6,payments,CCE,Transferencias entre clientes de EMPE (Cámara Compensadora de EMPE) — Transferencias entre clientes - PYG — Transacciones — 2020/01 — 2020/02 — 2020/03,vertical_date,documented_series,unresolved,226,140,2,2020-10-31,2026-07-31,PYG,"Periods, labels, units and values extracted under a documented orientation contract."
payments:de7b4a670c8e2d7430cd91d6,payments,Indice,"BANCO CENTRAL DEL PARAGUAY — SUB GERENCIA GENERAL DE OPERACIONES FINANCIERAS — DEPARTAMENTO DE ANÁLISIS DE LOS SISTEMAS DE PAGOS — Boletín Estadístico - Julio, 2026 — SIPAP_01 — Transferencias entre Entidades Financieras (LBTR)",index_only,index_only,not_applicable,84,0,0,NA,NA,NA,Workbook table of contents; retained as raw cells.
payments:de7b4a670c8e2d7430cd91d6,payments,MIHA 01,Pagos de Intereses y Capital de Bonos emitidos por el Ministerio de Hacienda (DEPO) — En PYG,vertical_date,documented_series,unresolved,312,153,1,2013-11-30,2026-07-31,PYG,"Periods, labels, units and values extracted under a documented orientation contract."
payments:de7b4a670c8e2d7430cd91d6,payments,MIHA 02,Transferencias del Ministerio de Hacienda a Clientes de Entidades Financieras — LBTR & ACH - En PYG,vertical_date,documented_series,unresolved,931,765,5,2013-11-30,2026-07-31,count|PYG,"Periods, labels, units and values extracted under a documented orientation contract."
payments:de7b4a670c8e2d7430cd91d6,payments,MIHA 03,Transferencias al Ministerio de Hacienda de Entidades Financieras — LBTR & ACH - En PYG,vertical_date,documented_series,unresolved,931,765,5,2013-11-30,2026-07-31,count|PYG,"Periods, labels, units and values extracted under a documented orientation contract."
payments:de7b4a670c8e2d7430cd91d6,payments,MIHA 04,Transferencias del Ministerio de Hacienda a Clientes de Entidades Financieras — LBTR & ACH - En USD,vertical_date,documented_series,unresolved,621,459,3,2013-11-30,2026-07-31,count|USD,"Periods, labels, units and values extracted under a documented orientation contract."
payments:de7b4a670c8e2d7430cd91d6,payments,MIHA 05,Transferencias al Ministerio de Hacienda de Entidades Financieras — LBTR & ACH - En USD,vertical_date,documented_series,unresolved,621,459,3,2013-11-30,2026-07-31,count|USD,"Periods, labels, units and values extracted under a documented orientation contract."
payments:de7b4a670c8e2d7430cd91d6,payments,OMP 01,Tarjetas de Crédito - (Operadoras de Medios de Pago),vertical_date,documented_series,unresolved,1399,1268,14,2018-01-31,2026-07-31,count|source_units,"Periods, labels, units and values extracted under a documented orientation contract."
payments:de7b4a670c8e2d7430cd91d6,payments,OMP 01_02,Tarjetas de Crédito - Compras por tecnología,vertical_date,documented_series,unresolved,494,434,14,2024-01-31,2026-07-31,count|source_units,"Periods, labels, units and values extracted under a documented orientation contract."
payments:de7b4a670c8e2d7430cd91d6,payments,OMP 02,Tarjetas de Débito - (Operadoras de Medios de Pago),vertical_date,documented_series,unresolved,1191,1062,12,2018-01-31,2026-07-31,count|source_units,"Periods, labels, units and values extracted under a documented orientation contract."
payments:de7b4a670c8e2d7430cd91d6,payments,OMP 02_02,Tarjetas de Débito - Compras por tecnología,vertical_date,documented_series,unresolved,494,434,14,2024-01-31,2026-07-31,count|source_units,"Periods, labels, units and values extracted under a documented orientation contract."
payments:de7b4a670c8e2d7430cd91d6,payments,OMP 03,Tarjetas Prepagas - (Operadoras de Medios de Pago),vertical_date,documented_series,unresolved,1196,1066,12,2018-01-31,2026-07-31,count|source_units,"Periods, labels, units and values extracted under a documented orientation contract."
payments:de7b4a670c8e2d7430cd91d6,payments,OMP 03_02,Tarjetas Pre Paga - Compras por tecnología,vertical_date,documented_series,unresolved,494,434,14,2024-01-31,2026-07-31,count|source_units,"Periods, labels, units and values extracted under a documented orientation contract."
payments:de7b4a670c8e2d7430cd91d6,payments,OMP 04,Infraestructura de Operadoras de Medios de Pago,vertical_date,documented_series,unresolved,1797,1660,21,2018-01-31,2026-07-31,count|source_units,"Periods, labels, units and values extracted under a documented orientation contract."
payments:de7b4a670c8e2d7430cd91d6,payments,SIPAP_01,Transferencias entre Entidades Financieras en el LBTR,vertical_date,documented_series,unresolved,866,700,6,2013-11-30,2026-07-31,count|EUR|PYG|USD,"Periods, labels, units and values extracted under a documented orientation contract."
payments:de7b4a670c8e2d7430cd91d6,payments,SIPAP_02,Transferencias entre Clientes de Entidades Financieras en el LBTR,vertical_date,documented_series,unresolved,1075,908,6,2013-11-30,2026-07-31,count|EUR|PYG|USD,"Periods, labels, units and values extracted under a documented orientation contract."
payments:de7b4a670c8e2d7430cd91d6,payments,SIPAP_03,Transferencias entre clientes a través del Servicio Patrocinador (LBTR),vertical_date,documented_series,unresolved,1016,924,16,2021-10-31,2026-07-31,count|PYG|source_units|USD,"Periods, labels, units and values extracted under a documented orientation contract."
payments:de7b4a670c8e2d7430cd91d6,payments,SIPAP_04,"Transferencias entre Clientes de Entidades Financieras, por rango de Monto",vertical_date,documented_series,unresolved,8361,8088,74,2013-11-30,2026-07-31,count|EUR|PYG|USD,"Periods, labels, units and values extracted under a documented orientation contract."
payments:de7b4a670c8e2d7430cd91d6,payments,SIPAP_05,Transferencias entre Clientes por Entidades Financieras en el LBTR — Por Entidad Financiera,horizontal_date,documented_series,unresolved,9978,9745,73,2013-11-30,2026-07-31,EUR|PYG|USD,"Periods, labels, units and values extracted under a documented orientation contract."
payments:de7b4a670c8e2d7430cd91d6,payments,SIPAP_06,Transferencias entre Clientes de Entidades Financieras por ACH — ACH liquida sólo PYG,vertical_date,documented_series,unresolved,620,459,3,2013-11-30,2026-07-31,count|PYG,"Periods, labels, units and values extracted under a documented orientation contract."
payments:de7b4a670c8e2d7430cd91d6,payments,SIPAP_07,Transferencias entre Clientes de Entidades Financieras por SPI — SPI liquida sólo PYG — Cant. Operaciones — Importe Destino — 2013/11 — 2013/12,vertical_date,documented_series,unresolved,263,102,2,2022-05-31,2026-07-31,PYG,"Periods, labels, units and values extracted under a documented orientation contract."
payments:de7b4a670c8e2d7430cd91d6,payments,SIPAP_08,Transferencias entre Clientes por Entidades Financieras en el SPI — Por Entidad Financiera,horizontal_date,documented_series,unresolved,2937,2773,55,2022-05-31,2026-07-31,PYG,"Periods, labels, units and values extracted under a documented orientation contract."
payments:de7b4a670c8e2d7430cd91d6,payments,SIPAP_09,Transferencias entre Clientes de Entidades Financieras por SPI por día — SPI liquida sólo PYG — Domingo — Martes — Miércoles — Jueves,vertical_date,documented_series,unresolved,998,816,16,2022-05-31,2026-07-31,PYG,"Periods, labels, units and values extracted under a documented orientation contract."
payments:de7b4a670c8e2d7430cd91d6,payments,SIPAP_10,Transferencias entre Clientes de Entidades Financieras por SPI por franja horaria — SPI liquida sólo PYG — 00 a 02 hs — 02 a 04 hs — 04 a 06 hs — 06 a 08 hs,vertical_date,documented_series,unresolved,1418,1224,24,2022-05-31,2026-07-31,PYG,"Periods, labels, units and values extracted under a documented orientation contract."
payments:de7b4a670c8e2d7430cd91d6,payments,SIPAP_11,Transferencias entre clientes a través del Servicio Patrocinador (SPI),vertical_date,documented_series,unresolved,347,292,8,2023-07-31,2026-07-31,count|source_units,"Periods, labels, units and values extracted under a documented orientation contract."
payments:de7b4a670c8e2d7430cd91d6,payments,SIPAP_12,Transferencias por funcionalidades del SPI,vertical_date,documented_series,unresolved,679,590,18,2022-05-31,2026-07-31,count|source_units,"Periods, labels, units and values extracted under a documented orientation contract."
payments:de7b4a670c8e2d7430cd91d6,payments,SIPAP_13,Tipo de Alias registrados — 2023/01 — 2023/02 — 2023/03 — 2023/04 — 2023/05,vertical_date,documented_series,unresolved,281,220,7,2023-08-31,2026-07-31,source_units,"Periods, labels, units and values extracted under a documented orientation contract."
payments:de7b4a670c8e2d7430cd91d6,payments,SIPAP_14,Alias registrados por entidad,vertical_date,documented_series,unresolved,925,854,24,2023-01-31,2026-07-31,source_units,"Periods, labels, units and values extracted under a documented orientation contract."
payments:de7b4a670c8e2d7430cd91d6,payments,SIPAP_15,Alias operativos por entidad (*),vertical_date,documented_series,unresolved,920,848,24,2023-01-31,2026-07-31,source_units,"Periods, labels, units and values extracted under a documented orientation contract."
